url,locale,page_type,indexable_expected,canonical_expected,hreflang_cluster,source_file
/,x-default,gateway,true,/,home,src/pages/index.astro
/404.html,x-default,error,false,,none,src/pages/404.astro
/ru/,ru,home,true,/ru/,home,src/pages/[locale]/index.astro
/ru/calculators/,ru,catalog,true,/ru/calculators/,catalog,src/pages/[locale]/calculators.astro
/ru/calculators/page/2/,ru,catalog,true,/ru/calculators/page/2/,catalog-page-2,src/pages/[locale]/calculators/page/[page].astro
/ru/calculators/page/3/,ru,catalog,true,/ru/calculators/page/3/,catalog-page-3,src/pages/[locale]/calculators/page/[page].astro
/ru/calculators/?tag=*,ru,facet,false,/ru/calculators/,none,functions/[locale]/calculators.js
/ru/calculators/?category=*,ru,facet,false,/ru/calculators/,none,functions/[locale]/calculators.js
/ru/calculators/?sort=*,ru,facet,false,/ru/calculators/,none,functions/[locale]/calculators.js
/ru/calculators/?q=*,ru,facet,false,/ru/calculators/,none,functions/[locale]/calculators.js
/ru/about/,ru,service,true,/ru/about/,about,src/pages/[locale]/about.astro
/ru/contacts/,ru,service,true,/ru/contacts/,contacts,src/pages/[locale]/contacts.astro
/ru/privacy/,ru,service,true,/ru/privacy/,privacy,src/pages/[locale]/privacy.astro
/ru/finance/,ru,category,true,/ru/finance/,category:finance,src/pages/[locale]/[category]/index.astro
/ru/currency/,ru,category,true,/ru/currency/,category:currency,src/pages/[locale]/[category]/index.astro
/ru/sport/,ru,category,true,/ru/sport/,category:sport,src/pages/[locale]/[category]/index.astro
/ru/building/,ru,category,true,/ru/building/,category:building,src/pages/[locale]/[category]/index.astro
/ru/date-time/,ru,category,true,/ru/date-time/,category:date-time,src/pages/[locale]/[category]/index.astro
/ru/math/,ru,category,true,/ru/math/,category:math,src/pages/[locale]/[category]/index.astro
/ru/business/,ru,category,true,/ru/business/,category:business,src/pages/[locale]/[category]/index.astro
/ru/converters/,ru,category,true,/ru/converters/,category:converters,src/pages/[locale]/[category]/index.astro
/ru/electronics/,ru,category,true,/ru/electronics/,category:electronics,src/pages/[locale]/[category]/index.astro
/ru/computers/,ru,category,true,/ru/computers/,category:computers,src/pages/[locale]/[category]/index.astro
/ru/education/,ru,category,true,/ru/education/,category:education,src/pages/[locale]/[category]/index.astro
/ru/automotive/,ru,category,true,/ru/automotive/,category:automotive,src/pages/[locale]/[category]/index.astro
/ru/household/,ru,category,true,/ru/household/,category:household,src/pages/[locale]/[category]/index.astro
/ru/geometry/,ru,category,true,/ru/geometry/,category:geometry,src/pages/[locale]/[category]/index.astro
/ru/physics/,ru,category,true,/ru/physics/,category:physics,src/pages/[locale]/[category]/index.astro
/ru/chemistry/,ru,category,true,/ru/chemistry/,category:chemistry,src/pages/[locale]/[category]/index.astro
/ru/finance/credit-calculator/,ru,calculator,true,/ru/finance/credit-calculator/,calculator:credit-calculator,src/pages/[locale]/[category]/[calculator].astro
/ru/finance/deposit-calculator/,ru,calculator,true,/ru/finance/deposit-calculator/,calculator:deposit-calculator:ru-only,src/pages/[locale]/[category]/[calculator].astro
/ru/finance/compound-interest/,ru,calculator,true,/ru/finance/compound-interest/,calculator:compound-interest,src/pages/[locale]/[category]/[calculator].astro
/ru/finance/mortgage-calculator/,ru,calculator,true,/ru/finance/mortgage-calculator/,calculator:mortgage-calculator,src/pages/[locale]/[category]/[calculator].astro
/ru/finance/income-tax-calculator/,ru,calculator,true,/ru/finance/income-tax-calculator/,calculator:income-tax-calculator:ru-only,src/pages/[locale]/[category]/[calculator].astro
/ru/finance/vat-calculator/,ru,calculator,true,/ru/finance/vat-calculator/,calculator:vat-calculator:ru-only,src/pages/[locale]/[category]/[calculator].astro
/ru/finance/percent-calculator/,ru,calculator,true,/ru/finance/percent-calculator/,calculator:percent-calculator,src/pages/[locale]/[category]/[calculator].astro
/ru/finance/discount-calculator/,ru,calculator,true,/ru/finance/discount-calculator/,calculator:discount-calculator,src/pages/[locale]/[category]/[calculator].astro
/ru/finance/margin-calculator/,ru,calculator,true,/ru/finance/margin-calculator/,calculator:margin-calculator,src/pages/[locale]/[category]/[calculator].astro
/ru/finance/break-even-calculator/,ru,calculator,true,/ru/finance/break-even-calculator/,calculator:break-even-calculator,src/pages/[locale]/[category]/[calculator].astro
/ru/currency/currency-converter/,ru,calculator,true,/ru/currency/currency-converter/,calculator:currency-converter,src/pages/[locale]/[category]/[calculator].astro
/ru/currency/usd-to-eur/,ru,calculator,true,/ru/currency/usd-to-eur/,calculator:usd-to-eur,src/pages/[locale]/[category]/[calculator].astro
/ru/currency/eur-to-mdl/,ru,calculator,true,/ru/currency/eur-to-mdl/,calculator:eur-to-mdl,src/pages/[locale]/[category]/[calculator].astro
/ru/currency/usd-to-mdl/,ru,calculator,true,/ru/currency/usd-to-mdl/,calculator:usd-to-mdl,src/pages/[locale]/[category]/[calculator].astro
/ru/sport/bmi-calculator/,ru,calculator,true,/ru/sport/bmi-calculator/,calculator:bmi-calculator,src/pages/[locale]/[category]/[calculator].astro
/ru/sport/calorie-calculator/,ru,calculator,true,/ru/sport/calorie-calculator/,calculator:calorie-calculator,src/pages/[locale]/[category]/[calculator].astro
/ru/sport/body-fat-calculator/,ru,calculator,true,/ru/sport/body-fat-calculator/,calculator:body-fat-calculator,src/pages/[locale]/[category]/[calculator].astro
/ru/sport/running-pace-calculator/,ru,calculator,true,/ru/sport/running-pace-calculator/,calculator:running-pace-calculator,src/pages/[locale]/[category]/[calculator].astro
/ru/sport/one-rep-max-calculator/,ru,calculator,true,/ru/sport/one-rep-max-calculator/,calculator:one-rep-max-calculator,src/pages/[locale]/[category]/[calculator].astro
/ru/building/tile-calculator/,ru,calculator,true,/ru/building/tile-calculator/,calculator:tile-calculator,src/pages/[locale]/[category]/[calculator].astro
/ru/building/wallpaper-calculator/,ru,calculator,true,/ru/building/wallpaper-calculator/,calculator:wallpaper-calculator,src/pages/[locale]/[category]/[calculator].astro
/ru/building/paint-calculator/,ru,calculator,true,/ru/building/paint-calculator/,calculator:paint-calculator,src/pages/[locale]/[category]/[calculator].astro
/ru/building/laminate-calculator/,ru,calculator,true,/ru/building/laminate-calculator/,calculator:laminate-calculator,src/pages/[locale]/[category]/[calculator].astro
/ru/building/screed-calculator/,ru,calculator,true,/ru/building/screed-calculator/,calculator:screed-calculator,src/pages/[locale]/[category]/[calculator].astro
/ru/building/brick-calculator/,ru,calculator,true,/ru/building/brick-calculator/,calculator:brick-calculator,src/pages/[locale]/[category]/[calculator].astro
/ru/date-time/age-calculator/,ru,calculator,true,/ru/date-time/age-calculator/,calculator:age-calculator,src/pages/[locale]/[category]/[calculator].astro
/ru/date-time/working-days-calculator/,ru,calculator,true,/ru/date-time/working-days-calculator/,calculator:working-days-calculator,src/pages/[locale]/[category]/[calculator].astro
/ru/date-time/date-calculator/,ru,calculator,true,/ru/date-time/date-calculator/,calculator:date-shift-calculator,src/pages/[locale]/[category]/[calculator].astro
/ru/household/krepost-po-plotnosti/,ru,calculator,true,/ru/household/krepost-po-plotnosti/,calculator:abv-alcohol,src/pages/[locale]/[category]/[calculator].astro
/ru/physics/acceleration/,ru,calculator,true,/ru/physics/acceleration/,calculator:acceleration,src/pages/[locale]/[category]/[calculator].astro
/ru/sport/activity-calories/,ru,calculator,true,/ru/sport/activity-calories/,calculator:activity-calories,src/pages/[locale]/[category]/[calculator].astro
/ru/business/ad-budget-funnel/,ru,calculator,true,/ru/business/ad-budget-funnel/,calculator:ad-budget-funnel,src/pages/[locale]/[category]/[calculator].astro
/ru/business/ad-roi/,ru,calculator,true,/ru/business/ad-roi/,calculator:ad-roi,src/pages/[locale]/[category]/[calculator].astro
/ru/physics/plotnost-vozduha/,ru,calculator,true,/ru/physics/plotnost-vozduha/,calculator:air-density,src/pages/[locale]/[category]/[calculator].astro
/ru/building/kratnost-vozduhoobmena/,ru,calculator,true,/ru/building/kratnost-vozduhoobmena/,calculator:air-exchange,src/pages/[locale]/[category]/[calculator].astro
/ru/physics/davlenie-na-vysote/,ru,calculator,true,/ru/physics/davlenie-na-vysote/,calculator:air-pressure-at-altitude,src/pages/[locale]/[category]/[calculator].astro
/ru/household/edinicy-alkogolya/,ru,calculator,true,/ru/household/edinicy-alkogolya/,calculator:alcohol-units,src/pages/[locale]/[category]/[calculator].astro
/ru/finance/annuity/,ru,calculator,true,/ru/finance/annuity/,calculator:annuity,src/pages/[locale]/[category]/[calculator].astro
/ru/business/aov/,ru,calculator,true,/ru/business/aov/,calculator:aov,src/pages/[locale]/[category]/[calculator].astro
/ru/finance/apr-apy/,ru,calculator,true,/ru/finance/apr-apy/,calculator:apr-apy,src/pages/[locale]/[category]/[calculator].astro
/ru/household/aquarium-water-change/,ru,calculator,true,/ru/household/aquarium-water-change/,calculator:aquarium-water-change,src/pages/[locale]/[category]/[calculator].astro
/ru/math/arithmetic-progression/,ru,calculator,true,/ru/math/arithmetic-progression/,calculator:arithmetic-progression,src/pages/[locale]/[category]/[calculator].astro
/ru/business/arpu-arppu/,ru,calculator,true,/ru/business/arpu-arppu/,calculator:arpu-arppu,src/pages/[locale]/[category]/[calculator].astro
/ru/computers/aspect-ratio/,ru,calculator,true,/ru/computers/aspect-ratio/,calculator:aspect-ratio,src/pages/[locale]/[category]/[calculator].astro
/ru/business/audience-growth/,ru,calculator,true,/ru/business/audience-growth/,calculator:audience-growth,src/pages/[locale]/[category]/[calculator].astro
/ru/household/bakers-percentage/,ru,calculator,true,/ru/household/bakers-percentage/,calculator:bakers-percentage,src/pages/[locale]/[category]/[calculator].astro
/ru/building/shag-balyasin/,ru,calculator,true,/ru/building/shag-balyasin/,calculator:baluster-spacing,src/pages/[locale]/[category]/[calculator].astro
/ru/sport/bliny-na-shtangu/,ru,calculator,true,/ru/sport/bliny-na-shtangu/,calculator:barbell-plates,src/pages/[locale]/[category]/[calculator].astro
/ru/electronics/battery-charge-time/,ru,calculator,true,/ru/electronics/battery-charge-time/,calculator:battery-charge-time,src/pages/[locale]/[category]/[calculator].astro
/ru/electronics/battery-runtime/,ru,calculator,true,/ru/electronics/battery-runtime/,calculator:battery-runtime,src/pages/[locale]/[category]/[calculator].astro
/ru/electronics/battery-series-parallel/,ru,calculator,true,/ru/electronics/battery-series-parallel/,calculator:battery-series-parallel,src/pages/[locale]/[category]/[calculator].astro
/ru/building/progib-balki/,ru,calculator,true,/ru/building/progib-balki/,calculator:beam-deflection,src/pages/[locale]/[category]/[calculator].astro
/ru/building/napryazhenie-izgiba-balki/,ru,calculator,true,/ru/building/napryazhenie-izgiba-balki/,calculator:beam-stress,src/pages/[locale]/[category]/[calculator].astro
/ru/geometry/dlina-remnya/,ru,calculator,true,/ru/geometry/dlina-remnya/,calculator:belt-length,src/pages/[locale]/[category]/[calculator].astro
/ru/physics/uravnenie-bernulli/,ru,calculator,true,/ru/physics/uravnenie-bernulli/,calculator:bernoulli,src/pages/[locale]/[category]/[calculator].astro
/ru/sport/bike-gear-ratio/,ru,calculator,true,/ru/sport/bike-gear-ratio/,calculator:bike-gear-ratio,src/pages/[locale]/[category]/[calculator].astro
/ru/sport/razmer-velokolesa/,ru,calculator,true,/ru/sport/razmer-velokolesa/,calculator:bike-wheel-size,src/pages/[locale]/[category]/[calculator].astro
/ru/math/binomial-probability/,ru,calculator,true,/ru/math/binomial-probability/,calculator:binomial-probability,src/pages/[locale]/[category]/[calculator].astro
/ru/building/board-volume/,ru,calculator,true,/ru/building/board-volume/,calculator:board-volume,src/pages/[locale]/[category]/[calculator].astro
/ru/physics/temperatura-kipeniya/,ru,calculator,true,/ru/physics/temperatura-kipeniya/,calculator:boiling-point,src/pages/[locale]/[category]/[calculator].astro
/ru/finance/bonus/,ru,calculator,true,/ru/finance/bonus/,calculator:bonus,src/pages/[locale]/[category]/[calculator].astro
/ru/household/sootnoshenie-kofe-i-vody/,ru,calculator,true,/ru/household/sootnoshenie-kofe-i-vody/,calculator:brew-ratio,src/pages/[locale]/[category]/[calculator].astro
/ru/finance/budget-50-30-20/,ru,calculator,true,/ru/finance/budget-50-30-20/,calculator:budget-50-30-20,src/pages/[locale]/[category]/[calculator].astro
/ru/finance/delenie-byudzheta/,ru,calculator,true,/ru/finance/delenie-byudzheta/,calculator:budget-split,src/pages/[locale]/[category]/[calculator].astro
/ru/building/sypuchiy-material/,ru,calculator,true,/ru/building/sypuchiy-material/,calculator:bulk-material-volume,src/pages/[locale]/[category]/[calculator].astro
/ru/physics/vytalkivayushchaya-sila/,ru,calculator,true,/ru/physics/vytalkivayushchaya-sila/,calculator:buoyancy,src/pages/[locale]/[category]/[calculator].astro
/ru/business/cac/,ru,calculator,true,/ru/business/cac/,calculator:cac,src/pages/[locale]/[category]/[calculator].astro
/ru/finance/cagr/,ru,calculator,true,/ru/finance/cagr/,calculator:cagr,src/pages/[locale]/[category]/[calculator].astro
/ru/sport/calories-from-macros/,ru,calculator,true,/ru/sport/calories-from-macros/,calculator:calories-from-macros,src/pages/[locale]/[category]/[calculator].astro
/ru/household/kalorii-na-porciyu/,ru,calculator,true,/ru/household/kalorii-na-porciyu/,calculator:calories-per-serving,src/pages/[locale]/[category]/[calculator].astro
/ru/electronics/zaryad-kondensatora/,ru,calculator,true,/ru/electronics/zaryad-kondensatora/,calculator:capacitor-basics,src/pages/[locale]/[category]/[calculator].astro
/ru/electronics/kondensatory-v-cepi/,ru,calculator,true,/ru/electronics/kondensatory-v-cepi/,calculator:capacitor-network,src/pages/[locale]/[category]/[calculator].astro
/ru/automotive/car-depreciation/,ru,calculator,true,/ru/automotive/car-depreciation/,calculator:car-depreciation,src/pages/[locale]/[category]/[calculator].astro
/ru/physics/kpd-cikla-karno/,ru,calculator,true,/ru/physics/kpd-cikla-karno/,calculator:carnot,src/pages/[locale]/[category]/[calculator].astro
/ru/physics/centripetal-force/,ru,calculator,true,/ru/physics/centripetal-force/,calculator:centripetal-force,src/pages/[locale]/[category]/[calculator].astro
/ru/business/churn-retention/,ru,calculator,true,/ru/business/churn-retention/,calculator:churn-retention,src/pages/[locale]/[category]/[calculator].astro
/ru/building/obshivka-doskoy/,ru,calculator,true,/ru/building/obshivka-doskoy/,calculator:cladding-boards,src/pages/[locale]/[category]/[calculator].astro
/ru/electronics/volnovoe-soprotivlenie-kabelya/,ru,calculator,true,/ru/electronics/volnovoe-soprotivlenie-kabelya/,calculator:coaxial-cable-impedance,src/pages/[locale]/[category]/[calculator].astro
/ru/business/cogs/,ru,calculator,true,/ru/business/cogs/,calculator:cogs,src/pages/[locale]/[category]/[calculator].astro
/ru/business/unit-cost/,ru,calculator,true,/ru/business/unit-cost/,calculator:cogs-unit-cost,src/pages/[locale]/[category]/[calculator].astro
/ru/computers/color-convert/,ru,calculator,true,/ru/computers/color-convert/,calculator:color-convert,src/pages/[locale]/[category]/[calculator].astro
/ru/math/combinatorics/,ru,calculator,true,/ru/math/combinatorics/,calculator:combinatorics,src/pages/[locale]/[category]/[calculator].astro
/ru/finance/commission/,ru,calculator,true,/ru/finance/commission/,calculator:commission,src/pages/[locale]/[category]/[calculator].astro
/ru/automotive/stepen-szhatiya-dvigatelya/,ru,calculator,true,/ru/automotive/stepen-szhatiya-dvigatelya/,calculator:compression-ratio,src/pages/[locale]/[category]/[calculator].astro
/ru/building/concrete/,ru,calculator,true,/ru/building/concrete/,calculator:concrete,src/pages/[locale]/[category]/[calculator].astro
/ru/math/confidence-interval/,ru,calculator,true,/ru/math/confidence-interval/,calculator:confidence-interval,src/pages/[locale]/[category]/[calculator].astro
/ru/business/contribution-margin/,ru,calculator,true,/ru/business/contribution-margin/,calculator:contribution-margin,src/pages/[locale]/[category]/[calculator].astro
/ru/business/conversion-rate/,ru,calculator,true,/ru/business/conversion-rate/,calculator:conversion-rate,src/pages/[locale]/[category]/[calculator].astro
/ru/converters/convert-angle/,ru,calculator,true,/ru/converters/convert-angle/,calculator:convert-angle,src/pages/[locale]/[category]/[calculator].astro
/ru/converters/convert-area/,ru,calculator,true,/ru/converters/convert-area/,calculator:convert-area,src/pages/[locale]/[category]/[calculator].astro
/ru/converters/convert-cooking-volume/,ru,calculator,true,/ru/converters/convert-cooking-volume/,calculator:convert-cooking-volume,src/pages/[locale]/[category]/[calculator].astro
/ru/converters/kulinarnyy-ves/,ru,calculator,true,/ru/converters/kulinarnyy-ves/,calculator:convert-cooking-weight,src/pages/[locale]/[category]/[calculator].astro
/ru/converters/convert-data-rate/,ru,calculator,true,/ru/converters/convert-data-rate/,calculator:convert-data-rate,src/pages/[locale]/[category]/[calculator].astro
/ru/converters/convert-density/,ru,calculator,true,/ru/converters/convert-density/,calculator:convert-density,src/pages/[locale]/[category]/[calculator].astro
/ru/converters/convert-digital/,ru,calculator,true,/ru/converters/convert-digital/,calculator:convert-digital,src/pages/[locale]/[category]/[calculator].astro
/ru/converters/convert-energy/,ru,calculator,true,/ru/converters/convert-energy/,calculator:convert-energy,src/pages/[locale]/[category]/[calculator].astro
/ru/converters/convert-flow/,ru,calculator,true,/ru/converters/convert-flow/,calculator:convert-flow,src/pages/[locale]/[category]/[calculator].astro
/ru/converters/convert-force/,ru,calculator,true,/ru/converters/convert-force/,calculator:convert-force,src/pages/[locale]/[category]/[calculator].astro
/ru/converters/convert-frequency/,ru,calculator,true,/ru/converters/convert-frequency/,calculator:convert-frequency,src/pages/[locale]/[category]/[calculator].astro
/ru/converters/convert-fuel-economy/,ru,calculator,true,/ru/converters/convert-fuel-economy/,calculator:convert-fuel-economy,src/pages/[locale]/[category]/[calculator].astro
/ru/converters/convert-illuminance/,ru,calculator,true,/ru/converters/convert-illuminance/,calculator:convert-illuminance,src/pages/[locale]/[category]/[calculator].astro
/ru/converters/convert-length/,ru,calculator,true,/ru/converters/convert-length/,calculator:convert-length,src/pages/[locale]/[category]/[calculator].astro
/ru/converters/convert-mass/,ru,calculator,true,/ru/converters/convert-mass/,calculator:convert-mass,src/pages/[locale]/[category]/[calculator].astro
/ru/converters/convert-power/,ru,calculator,true,/ru/converters/convert-power/,calculator:convert-power,src/pages/[locale]/[category]/[calculator].astro
/ru/converters/convert-pressure/,ru,calculator,true,/ru/converters/convert-pressure/,calculator:convert-pressure,src/pages/[locale]/[category]/[calculator].astro
/ru/converters/konverter-radiacii/,ru,calculator,true,/ru/converters/konverter-radiacii/,calculator:convert-radiation,src/pages/[locale]/[category]/[calculator].astro
/ru/converters/convert-speed/,ru,calculator,true,/ru/converters/convert-speed/,calculator:convert-speed,src/pages/[locale]/[category]/[calculator].astro
/ru/converters/convert-temperature/,ru,calculator,true,/ru/converters/convert-temperature/,calculator:convert-temperature,src/pages/[locale]/[category]/[calculator].astro
/ru/converters/convert-time/,ru,calculator,true,/ru/converters/convert-time/,calculator:convert-time,src/pages/[locale]/[category]/[calculator].astro
/ru/converters/convert-torque/,ru,calculator,true,/ru/converters/convert-torque/,calculator:convert-torque,src/pages/[locale]/[category]/[calculator].astro
/ru/converters/convert-volume/,ru,calculator,true,/ru/converters/convert-volume/,calculator:convert-volume,src/pages/[locale]/[category]/[calculator].astro
/ru/household/cooked-weight/,ru,calculator,true,/ru/household/cooked-weight/,calculator:cooked-weight,src/pages/[locale]/[category]/[calculator].astro
/ru/converters/koordinaty-gradusy-minuty-sekundy/,ru,calculator,true,/ru/converters/koordinaty-gradusy-minuty-sekundy/,calculator:coordinate-convert,src/pages/[locale]/[category]/[calculator].astro
/ru/math/correlation/,ru,calculator,true,/ru/math/correlation/,calculator:correlation,src/pages/[locale]/[category]/[calculator].astro
/ru/physics/zakon-kulona/,ru,calculator,true,/ru/physics/zakon-kulona/,calculator:coulomb,src/pages/[locale]/[category]/[calculator].astro
/ru/business/cpa-cpl-cpi/,ru,calculator,true,/ru/business/cpa-cpl-cpi/,calculator:cpa-cpl-cpi,src/pages/[locale]/[category]/[calculator].astro
/ru/business/cpc/,ru,calculator,true,/ru/business/cpc/,calculator:cpc,src/pages/[locale]/[category]/[calculator].astro
/ru/business/cpm/,ru,calculator,true,/ru/business/cpm/,calculator:cpm,src/pages/[locale]/[category]/[calculator].astro
/ru/finance/pogashenie-kreditnoy-karty/,ru,calculator,true,/ru/finance/pogashenie-kreditnoy-karty/,calculator:credit-card-payoff,src/pages/[locale]/[category]/[calculator].astro
/ru/finance/crypto-pnl/,ru,calculator,true,/ru/finance/crypto-pnl/,calculator:crypto-pnl,src/pages/[locale]/[category]/[calculator].astro
/ru/computers/css-units/,ru,calculator,true,/ru/computers/css-units/,calculator:css-units,src/pages/[locale]/[category]/[calculator].astro
/ru/business/ctr/,ru,calculator,true,/ru/business/ctr/,calculator:ctr,src/pages/[locale]/[category]/[calculator].astro
/ru/currency/currency-exchange-fee/,ru,calculator,true,/ru/currency/currency-exchange-fee/,calculator:currency-exchange-fee,src/pages/[locale]/[category]/[calculator].astro
/ru/household/raschet-shtor/,ru,calculator,true,/ru/household/raschet-shtor/,calculator:curtain-size,src/pages/[locale]/[category]/[calculator].astro
/ru/business/takt-proizvodstva/,ru,calculator,true,/ru/business/takt-proizvodstva/,calculator:cycle-time,src/pages/[locale]/[category]/[calculator].astro
/ru/date-time/day-of-week/,ru,calculator,true,/ru/date-time/day-of-week/,calculator:day-of-week,src/pages/[locale]/[category]/[calculator].astro
/ru/finance/dca/,ru,calculator,true,/ru/finance/dca/,calculator:dca,src/pages/[locale]/[category]/[calculator].astro
/ru/physics/dlina-volny-de-broylya/,ru,calculator,true,/ru/physics/dlina-volny-de-broylya/,calculator:de-broglie,src/pages/[locale]/[category]/[calculator].astro
/ru/finance/pogashenie-neskolkih-dolgov/,ru,calculator,true,/ru/finance/pogashenie-neskolkih-dolgov/,calculator:debt-snowball-avalanche,src/pages/[locale]/[category]/[calculator].astro
/ru/physics/decibely/,ru,calculator,true,/ru/physics/decibely/,calculator:decibel,src/pages/[locale]/[category]/[calculator].astro
/ru/physics/density/,ru,calculator,true,/ru/physics/density/,calculator:density,src/pages/[locale]/[category]/[calculator].astro
/ru/finance/amortizaciya-aktiva/,ru,calculator,true,/ru/finance/amortizaciya-aktiva/,calculator:depreciation-methods,src/pages/[locale]/[category]/[calculator].astro
/ru/physics/tochka-rosy/,ru,calculator,true,/ru/physics/tochka-rosy/,calculator:dew-point,src/pages/[locale]/[category]/[calculator].astro
/ru/math/dice-probability/,ru,calculator,true,/ru/math/dice-probability/,calculator:dice-probability,src/pages/[locale]/[category]/[calculator].astro
/ru/math/difference-abs-rel/,ru,calculator,true,/ru/math/difference-abs-rel/,calculator:difference-abs-rel,src/pages/[locale]/[category]/[calculator].astro
/ru/chemistry/dilution/,ru,calculator,true,/ru/chemistry/dilution/,calculator:dilution,src/pages/[locale]/[category]/[calculator].astro
/ru/finance/dividend-yield/,ru,calculator,true,/ru/finance/dividend-yield/,calculator:dividend-yield,src/pages/[locale]/[category]/[calculator].astro
/ru/math/divisors/,ru,calculator,true,/ru/math/divisors/,calculator:divisors,src/pages/[locale]/[category]/[calculator].astro
/ru/physics/effekt-doplera/,ru,calculator,true,/ru/physics/effekt-doplera/,calculator:doppler,src/pages/[locale]/[category]/[calculator].astro
/ru/finance/down-payment/,ru,calculator,true,/ru/finance/down-payment/,calculator:down-payment,src/pages/[locale]/[category]/[calculator].astro
/ru/computers/download-time/,ru,calculator,true,/ru/computers/download-time/,calculator:download-time,src/pages/[locale]/[category]/[calculator].astro
/ru/household/protechka-krana/,ru,calculator,true,/ru/household/protechka-krana/,calculator:drip-water-leak,src/pages/[locale]/[category]/[calculator].astro
/ru/building/gipsokarton/,ru,calculator,true,/ru/building/gipsokarton/,calculator:drywall,src/pages/[locale]/[category]/[calculator].astro
/ru/finance/dti/,ru,calculator,true,/ru/finance/dti/,calculator:dti,src/pages/[locale]/[category]/[calculator].astro
/ru/finance/early-repayment/,ru,calculator,true,/ru/finance/early-repayment/,calculator:early-repayment,src/pages/[locale]/[category]/[calculator].astro
/ru/household/electricity-usage/,ru,calculator,true,/ru/household/electricity-usage/,calculator:electricity-usage,src/pages/[locale]/[category]/[calculator].astro
/ru/business/email-metrics/,ru,calculator,true,/ru/business/email-metrics/,calculator:email-metrics,src/pages/[locale]/[category]/[calculator].astro
/ru/finance/emergency-fund/,ru,calculator,true,/ru/finance/emergency-fund/,calculator:emergency-fund,src/pages/[locale]/[category]/[calculator].astro
/ru/business/employee-cost/,ru,calculator,true,/ru/business/employee-cost/,calculator:employee-cost,src/pages/[locale]/[category]/[calculator].astro
/ru/business/engagement-rate/,ru,calculator,true,/ru/business/engagement-rate/,calculator:engagement-rate,src/pages/[locale]/[category]/[calculator].astro
/ru/automotive/rabochiy-obyom-dvigatelya/,ru,calculator,true,/ru/automotive/rabochiy-obyom-dvigatelya/,calculator:engine-displacement,src/pages/[locale]/[category]/[calculator].astro
/ru/building/obyom-epoksidnoy-smoly/,ru,calculator,true,/ru/building/obyom-epoksidnoy-smoly/,calculator:epoxy-volume,src/pages/[locale]/[category]/[calculator].astro
/ru/physics/vtoraya-kosmicheskaya-skorost/,ru,calculator,true,/ru/physics/vtoraya-kosmicheskaya-skorost/,calculator:escape-velocity,src/pages/[locale]/[category]/[calculator].astro
/ru/math/factorial/,ru,calculator,true,/ru/math/factorial/,calculator:factorial,src/pages/[locale]/[category]/[calculator].astro
/ru/business/fee-chain/,ru,calculator,true,/ru/business/fee-chain/,calculator:fee-chain,src/pages/[locale]/[category]/[calculator].astro
/ru/building/zabor/,ru,calculator,true,/ru/building/zabor/,calculator:fence,src/pages/[locale]/[category]/[calculator].astro
/ru/math/fibonacci/,ru,calculator,true,/ru/math/fibonacci/,calculator:fibonacci,src/pages/[locale]/[category]/[calculator].astro
/ru/computers/files-on-disk/,ru,calculator,true,/ru/computers/files-on-disk/,calculator:files-on-disk,src/pages/[locale]/[category]/[calculator].astro
/ru/education/final-grade/,ru,calculator,true,/ru/education/final-grade/,calculator:final-grade,src/pages/[locale]/[category]/[calculator].astro
/ru/computers/fps-frametime/,ru,calculator,true,/ru/computers/fps-frametime/,calculator:fps-frametime,src/pages/[locale]/[category]/[calculator].astro
/ru/math/fractions/,ru,calculator,true,/ru/math/fractions/,calculator:fraction-arith,src/pages/[locale]/[category]/[calculator].astro
/ru/physics/svobodnoe-padenie/,ru,calculator,true,/ru/physics/svobodnoe-padenie/,calculator:free-fall,src/pages/[locale]/[category]/[calculator].astro
/ru/finance/freelance-rate/,ru,calculator,true,/ru/finance/freelance-rate/,calculator:freelance-rate,src/pages/[locale]/[category]/[calculator].astro
/ru/automotive/fuel-consumption/,ru,calculator,true,/ru/automotive/fuel-consumption/,calculator:fuel-consumption,src/pages/[locale]/[category]/[calculator].astro
/ru/automotive/benzin-s-maslom-dlya-dvuhtaktnogo/,ru,calculator,true,/ru/automotive/benzin-s-maslom-dlya-dvuhtaktnogo/,calculator:fuel-oil-mix,src/pages/[locale]/[category]/[calculator].astro
/ru/chemistry/gazovye-zakony/,ru,calculator,true,/ru/chemistry/gazovye-zakony/,calculator:gas-laws,src/pages/[locale]/[category]/[calculator].astro
/ru/math/gcd-lcm/,ru,calculator,true,/ru/math/gcd-lcm/,calculator:gcd-lcm,src/pages/[locale]/[category]/[calculator].astro
/ru/household/generator-fuel/,ru,calculator,true,/ru/household/generator-fuel/,calculator:generator-fuel,src/pages/[locale]/[category]/[calculator].astro
/ru/geometry/geom-annulus/,ru,calculator,true,/ru/geometry/geom-annulus/,calculator:geom-annulus,src/pages/[locale]/[category]/[calculator].astro
/ru/geometry/circle/,ru,calculator,true,/ru/geometry/circle/,calculator:geom-circle,src/pages/[locale]/[category]/[calculator].astro
/ru/geometry/cone/,ru,calculator,true,/ru/geometry/cone/,calculator:geom-cone,src/pages/[locale]/[category]/[calculator].astro
/ru/geometry/geom-cube/,ru,calculator,true,/ru/geometry/geom-cube/,calculator:geom-cube,src/pages/[locale]/[category]/[calculator].astro
/ru/geometry/cuboid/,ru,calculator,true,/ru/geometry/cuboid/,calculator:geom-cuboid,src/pages/[locale]/[category]/[calculator].astro
/ru/geometry/cylinder/,ru,calculator,true,/ru/geometry/cylinder/,calculator:geom-cylinder,src/pages/[locale]/[category]/[calculator].astro
/ru/geometry/geom-ellipse/,ru,calculator,true,/ru/geometry/geom-ellipse/,calculator:geom-ellipse,src/pages/[locale]/[category]/[calculator].astro
/ru/geometry/geom-frustum/,ru,calculator,true,/ru/geometry/geom-frustum/,calculator:geom-frustum,src/pages/[locale]/[category]/[calculator].astro
/ru/geometry/parallelogram/,ru,calculator,true,/ru/geometry/parallelogram/,calculator:geom-parallelogram,src/pages/[locale]/[category]/[calculator].astro
/ru/geometry/mnogougolnik-po-koordinatam/,ru,calculator,true,/ru/geometry/mnogougolnik-po-koordinatam/,calculator:geom-polygon-coords,src/pages/[locale]/[category]/[calculator].astro
/ru/geometry/geom-prism/,ru,calculator,true,/ru/geometry/geom-prism/,calculator:geom-prism,src/pages/[locale]/[category]/[calculator].astro
/ru/geometry/geom-pyramid/,ru,calculator,true,/ru/geometry/geom-pyramid/,calculator:geom-pyramid,src/pages/[locale]/[category]/[calculator].astro
/ru/geometry/rectangle/,ru,calculator,true,/ru/geometry/rectangle/,calculator:geom-rectangle,src/pages/[locale]/[category]/[calculator].astro
/ru/geometry/regular-polygon/,ru,calculator,true,/ru/geometry/regular-polygon/,calculator:geom-regular-polygon,src/pages/[locale]/[category]/[calculator].astro
/ru/geometry/geom-rhombus/,ru,calculator,true,/ru/geometry/geom-rhombus/,calculator:geom-rhombus,src/pages/[locale]/[category]/[calculator].astro
/ru/geometry/right-triangle/,ru,calculator,true,/ru/geometry/right-triangle/,calculator:geom-right-triangle,src/pages/[locale]/[category]/[calculator].astro
/ru/geometry/sector/,ru,calculator,true,/ru/geometry/sector/,calculator:geom-sector,src/pages/[locale]/[category]/[calculator].astro
/ru/geometry/sphere/,ru,calculator,true,/ru/geometry/sphere/,calculator:geom-sphere,src/pages/[locale]/[category]/[calculator].astro
/ru/geometry/square/,ru,calculator,true,/ru/geometry/square/,calculator:geom-square,src/pages/[locale]/[category]/[calculator].astro
/ru/geometry/trapezoid/,ru,calculator,true,/ru/geometry/trapezoid/,calculator:geom-trapezoid,src/pages/[locale]/[category]/[calculator].astro
/ru/geometry/triangle/,ru,calculator,true,/ru/geometry/triangle/,calculator:geom-triangle,src/pages/[locale]/[category]/[calculator].astro
/ru/math/geometricheskaya-progressiya/,ru,calculator,true,/ru/math/geometricheskaya-progressiya/,calculator:geometric-progression,src/pages/[locale]/[category]/[calculator].astro
/ru/geometry/golden-ratio/,ru,calculator,true,/ru/geometry/golden-ratio/,calculator:golden-ratio,src/pages/[locale]/[category]/[calculator].astro
/ru/education/gpa/,ru,calculator,true,/ru/education/gpa/,calculator:gpa,src/pages/[locale]/[category]/[calculator].astro
/ru/physics/gravitational-force/,ru,calculator,true,/ru/physics/gravitational-force/,calculator:gravitational-force,src/pages/[locale]/[category]/[calculator].astro
/ru/physics/period-poluraspada/,ru,calculator,true,/ru/physics/period-poluraspada/,calculator:half-life,src/pages/[locale]/[category]/[calculator].astro
/ru/electronics/moshchnost-dlya-naushnikov/,ru,calculator,true,/ru/electronics/moshchnost-dlya-naushnikov/,calculator:headphone-power,src/pages/[locale]/[category]/[calculator].astro
/ru/physics/indeks-zhary/,ru,calculator,true,/ru/physics/indeks-zhary/,calculator:heat-index,src/pages/[locale]/[category]/[calculator].astro
/ru/household/heating-power/,ru,calculator,true,/ru/household/heating-power/,calculator:heating-power,src/pages/[locale]/[category]/[calculator].astro
/ru/finance/kredit-pod-zalog-zhilya/,ru,calculator,true,/ru/finance/kredit-pod-zalog-zhilya/,calculator:home-equity,src/pages/[locale]/[category]/[calculator].astro
/ru/physics/zakon-guka/,ru,calculator,true,/ru/physics/zakon-guka/,calculator:hooke-law,src/pages/[locale]/[category]/[calculator].astro
/ru/physics/absolyutnaya-vlazhnost/,ru,calculator,true,/ru/physics/absolyutnaya-vlazhnost/,calculator:humidity-convert,src/pages/[locale]/[category]/[calculator].astro
/ru/physics/hydrostatic-pressure/,ru,calculator,true,/ru/physics/hydrostatic-pressure/,calculator:hydrostatic-pressure,src/pages/[locale]/[category]/[calculator].astro
/ru/chemistry/ideal-gas-law/,ru,calculator,true,/ru/chemistry/ideal-gas-law/,calculator:ideal-gas-law,src/pages/[locale]/[category]/[calculator].astro
/ru/sport/idealnyy-ves/,ru,calculator,true,/ru/sport/idealnyy-ves/,calculator:ideal-weight,src/pages/[locale]/[category]/[calculator].astro
/ru/physics/naklonnaya-ploskost/,ru,calculator,true,/ru/physics/naklonnaya-ploskost/,calculator:inclined-plane,src/pages/[locale]/[category]/[calculator].astro
/ru/finance/inflation/,ru,calculator,true,/ru/finance/inflation/,calculator:inflation,src/pages/[locale]/[category]/[calculator].astro
/ru/finance/installment/,ru,calculator,true,/ru/finance/installment/,calculator:installment,src/pages/[locale]/[category]/[calculator].astro
/ru/building/insulation/,ru,calculator,true,/ru/building/insulation/,calculator:insulation,src/pages/[locale]/[category]/[calculator].astro
/ru/computers/internet-traffic/,ru,calculator,true,/ru/computers/internet-traffic/,calculator:internet-traffic,src/pages/[locale]/[category]/[calculator].astro
/ru/business/inventory-turnover/,ru,calculator,true,/ru/business/inventory-turnover/,calculator:inventory-turnover,src/pages/[locale]/[category]/[calculator].astro
/ru/physics/zakon-obratnyh-kvadratov/,ru,calculator,true,/ru/physics/zakon-obratnyh-kvadratov/,calculator:inverse-square,src/pages/[locale]/[category]/[calculator].astro
/ru/electronics/inverter-power/,ru,calculator,true,/ru/electronics/inverter-power/,calculator:inverter-power,src/pages/[locale]/[category]/[calculator].astro
/ru/computers/ipv4-subnet/,ru,calculator,true,/ru/computers/ipv4-subnet/,calculator:ipv4-subnet,src/pages/[locale]/[category]/[calculator].astro
/ru/physics/kinetic-energy/,ru,calculator,true,/ru/physics/kinetic-energy/,calculator:kinetic-energy,src/pages/[locale]/[category]/[calculator].astro
/ru/electronics/kva-v-kvt/,ru,calculator,true,/ru/electronics/kva-v-kvt/,calculator:kva-kw,src/pages/[locale]/[category]/[calculator].astro
/ru/electronics/rezonansnaya-chastota-lc/,ru,calculator,true,/ru/electronics/rezonansnaya-chastota-lc/,calculator:lc-resonance,src/pages/[locale]/[category]/[calculator].astro
/ru/date-time/leap-year/,ru,calculator,true,/ru/date-time/leap-year/,calculator:leap-year,src/pages/[locale]/[category]/[calculator].astro
/ru/finance/platyozh-po-lizingu/,ru,calculator,true,/ru/finance/platyozh-po-lizingu/,calculator:lease-payment,src/pages/[locale]/[category]/[calculator].astro
/ru/electronics/led-resistor/,ru,calculator,true,/ru/electronics/led-resistor/,calculator:led-resistor,src/pages/[locale]/[category]/[calculator].astro
/ru/physics/rychag-i-vyigrysh-v-sile/,ru,calculator,true,/ru/physics/rychag-i-vyigrysh-v-sile/,calculator:lever-moment,src/pages/[locale]/[category]/[calculator].astro
/ru/finance/leverage/,ru,calculator,true,/ru/finance/leverage/,calculator:leverage,src/pages/[locale]/[category]/[calculator].astro
/ru/household/osveshchenie-komnaty/,ru,calculator,true,/ru/household/osveshchenie-komnaty/,calculator:lighting,src/pages/[locale]/[category]/[calculator].astro
/ru/math/linear-equation/,ru,calculator,true,/ru/math/linear-equation/,calculator:linear-equation,src/pages/[locale]/[category]/[calculator].astro
/ru/math/linear-system/,ru,calculator,true,/ru/math/linear-system/,calculator:linear-system,src/pages/[locale]/[category]/[calculator].astro
/ru/building/linoleum/,ru,calculator,true,/ru/building/linoleum/,calculator:linoleum,src/pages/[locale]/[category]/[calculator].astro
/ru/math/logarithm/,ru,calculator,true,/ru/math/logarithm/,calculator:logarithm,src/pages/[locale]/[category]/[calculator].astro
/ru/business/ltv/,ru,calculator,true,/ru/business/ltv/,calculator:ltv,src/pages/[locale]/[category]/[calculator].astro
/ru/household/lineynye-gabarity-bagazha/,ru,calculator,true,/ru/household/lineynye-gabarity-bagazha/,calculator:luggage-linear,src/pages/[locale]/[category]/[calculator].astro
/ru/physics/chislo-maha/,ru,calculator,true,/ru/physics/chislo-maha/,calculator:mach-number,src/pages/[locale]/[category]/[calculator].astro
/ru/finance/market-cap/,ru,calculator,true,/ru/finance/market-cap/,calculator:market-cap,src/pages/[locale]/[category]/[calculator].astro
/ru/physics/energiya-pokoya/,ru,calculator,true,/ru/physics/energiya-pokoya/,calculator:mass-energy,src/pages/[locale]/[category]/[calculator].astro
/ru/sport/max-heart-rate/,ru,calculator,true,/ru/sport/max-heart-rate/,calculator:max-heart-rate,src/pages/[locale]/[category]/[calculator].astro
/ru/finance/max-loan/,ru,calculator,true,/ru/finance/max-loan/,calculator:max-loan,src/pages/[locale]/[category]/[calculator].astro
/ru/building/ves-metalloprokata/,ru,calculator,true,/ru/building/ves-metalloprokata/,calculator:metal-weight,src/pages/[locale]/[category]/[calculator].astro
/ru/building/ugol-zapila/,ru,calculator,true,/ru/building/ugol-zapila/,calculator:miter-angle,src/pages/[locale]/[category]/[calculator].astro
/ru/computers/modular-scale/,ru,calculator,true,/ru/computers/modular-scale/,calculator:modular-scale,src/pages/[locale]/[category]/[calculator].astro
/ru/math/modulo/,ru,calculator,true,/ru/math/modulo/,calculator:modulo,src/pages/[locale]/[category]/[calculator].astro
/ru/chemistry/molar-mass/,ru,calculator,true,/ru/chemistry/molar-mass/,calculator:molar-mass,src/pages/[locale]/[category]/[calculator].astro
/ru/chemistry/molarity/,ru,calculator,true,/ru/chemistry/molarity/,calculator:molarity,src/pages/[locale]/[category]/[calculator].astro
/ru/chemistry/moles/,ru,calculator,true,/ru/chemistry/moles/,calculator:moles,src/pages/[locale]/[category]/[calculator].astro
/ru/physics/moment-inercii/,ru,calculator,true,/ru/physics/moment-inercii/,calculator:moment-of-inertia,src/pages/[locale]/[category]/[calculator].astro
/ru/physics/momentum/,ru,calculator,true,/ru/physics/momentum/,calculator:momentum,src/pages/[locale]/[category]/[calculator].astro
/ru/business/mrr-arr/,ru,calculator,true,/ru/business/mrr-arr/,calculator:mrr-arr,src/pages/[locale]/[category]/[calculator].astro
/ru/electronics/taymer-ne555/,ru,calculator,true,/ru/electronics/taymer-ne555/,calculator:ne555-timer-astable,src/pages/[locale]/[category]/[calculator].astro
/ru/computers/network-bandwidth/,ru,calculator,true,/ru/computers/network-bandwidth/,calculator:network-bandwidth,src/pages/[locale]/[category]/[calculator].astro
/ru/physics/newton-force/,ru,calculator,true,/ru/physics/newton-force/,calculator:newton-force,src/pages/[locale]/[category]/[calculator].astro
/ru/converters/lakh-i-kror/,ru,calculator,true,/ru/converters/lakh-i-kror/,calculator:number-scale-names,src/pages/[locale]/[category]/[calculator].astro
/ru/converters/chislo-propisyu/,ru,calculator,true,/ru/converters/chislo-propisyu/,calculator:number-to-words,src/pages/[locale]/[category]/[calculator].astro
/ru/electronics/ohms-law/,ru,calculator,true,/ru/electronics/ohms-law/,calculator:ohms-law,src/pages/[locale]/[category]/[calculator].astro
/ru/physics/period-obrashcheniya-po-orbite/,ru,calculator,true,/ru/physics/period-obrashcheniya-po-orbite/,calculator:orbital-period,src/pages/[locale]/[category]/[calculator].astro
/ru/finance/overtime-pay/,ru,calculator,true,/ru/finance/overtime-pay/,calculator:overtime,src/pages/[locale]/[category]/[calculator].astro
/ru/converters/ves-i-kolichestvo-bumagi/,ru,calculator,true,/ru/converters/ves-i-kolichestvo-bumagi/,calculator:paper-quantity,src/pages/[locale]/[category]/[calculator].astro
/ru/computers/stoykost-parolya/,ru,calculator,true,/ru/computers/stoykost-parolya/,calculator:password-entropy,src/pages/[locale]/[category]/[calculator].astro
/ru/business/srok-okupaemosti/,ru,calculator,true,/ru/business/srok-okupaemosti/,calculator:payback-period,src/pages/[locale]/[category]/[calculator].astro
/ru/physics/period-mayatnika/,ru,calculator,true,/ru/physics/period-mayatnika/,calculator:pendulum,src/pages/[locale]/[category]/[calculator].astro
/ru/household/pet-age/,ru,calculator,true,/ru/household/pet-age/,calculator:pet-age,src/pages/[locale]/[category]/[calculator].astro
/ru/household/pet-food/,ru,calculator,true,/ru/household/pet-food/,calculator:pet-food,src/pages/[locale]/[category]/[calculator].astro
/ru/chemistry/ph-poh/,ru,calculator,true,/ru/chemistry/ph-poh/,calculator:ph-poh,src/pages/[locale]/[category]/[calculator].astro
/ru/physics/energiya-fotona/,ru,calculator,true,/ru/physics/energiya-fotona/,calculator:photon-energy,src/pages/[locale]/[category]/[calculator].astro
/ru/physics/mechanical-power/,ru,calculator,true,/ru/physics/mechanical-power/,calculator:physics-power,src/pages/[locale]/[category]/[calculator].astro
/ru/physics/torque/,ru,calculator,true,/ru/physics/torque/,calculator:physics-torque,src/pages/[locale]/[category]/[calculator].astro
/ru/household/polya-passepartu/,ru,calculator,true,/ru/household/polya-passepartu/,calculator:picture-frame-mat,src/pages/[locale]/[category]/[calculator].astro
/ru/building/stolbchatyy-fundament/,ru,calculator,true,/ru/building/stolbchatyy-fundament/,calculator:pile-foundation,src/pages/[locale]/[category]/[calculator].astro
/ru/physics/skorost-potoka-v-trube/,ru,calculator,true,/ru/physics/skorost-potoka-v-trube/,calculator:pipe-flow,src/pages/[locale]/[category]/[calculator].astro
/ru/building/ves-truby/,ru,calculator,true,/ru/building/ves-truby/,calculator:pipe-weight,src/pages/[locale]/[category]/[calculator].astro
/ru/building/plaster/,ru,calculator,true,/ru/building/plaster/,calculator:plaster,src/pages/[locale]/[category]/[calculator].astro
/ru/household/pool-fill-time/,ru,calculator,true,/ru/household/pool-fill-time/,calculator:pool-fill-time,src/pages/[locale]/[category]/[calculator].astro
/ru/finance/position-size/,ru,calculator,true,/ru/finance/position-size/,calculator:position-size,src/pages/[locale]/[category]/[calculator].astro
/ru/physics/potential-energy/,ru,calculator,true,/ru/physics/potential-energy/,calculator:potential-energy,src/pages/[locale]/[category]/[calculator].astro
/ru/math/power-root/,ru,calculator,true,/ru/math/power-root/,calculator:power-root,src/pages/[locale]/[category]/[calculator].astro
/ru/automotive/power-to-weight/,ru,calculator,true,/ru/automotive/power-to-weight/,calculator:power-to-weight,src/pages/[locale]/[category]/[calculator].astro
/ru/computers/ppi/,ru,calculator,true,/ru/computers/ppi/,calculator:ppi-dpi,src/pages/[locale]/[category]/[calculator].astro
/ru/physics/pressure/,ru,calculator,true,/ru/physics/pressure/,calculator:pressure,src/pages/[locale]/[category]/[calculator].astro
/ru/household/price-per-unit/,ru,calculator,true,/ru/household/price-per-unit/,calculator:price-per-unit,src/pages/[locale]/[category]/[calculator].astro
/ru/math/prime-factorization/,ru,calculator,true,/ru/math/prime-factorization/,calculator:prime-factorization,src/pages/[locale]/[category]/[calculator].astro
/ru/household/print-3d-cost/,ru,calculator,true,/ru/household/print-3d-cost/,calculator:print-3d-cost,src/pages/[locale]/[category]/[calculator].astro
/ru/math/probability/,ru,calculator,true,/ru/math/probability/,calculator:probability-basic,src/pages/[locale]/[category]/[calculator].astro
/ru/business/profit-margin-markup/,ru,calculator,true,/ru/business/profit-margin-markup/,calculator:profit,src/pages/[locale]/[category]/[calculator].astro
/ru/physics/brosok-pod-uglom/,ru,calculator,true,/ru/physics/brosok-pod-uglom/,calculator:projectile-motion,src/pages/[locale]/[category]/[calculator].astro
/ru/math/proportion/,ru,calculator,true,/ru/math/proportion/,calculator:proportion,src/pages/[locale]/[category]/[calculator].astro
/ru/geometry/usechennaya-piramida/,ru,calculator,true,/ru/geometry/usechennaya-piramida/,calculator:pyramid-frustum,src/pages/[locale]/[category]/[calculator].astro
/ru/math/quadratic-equation/,ru,calculator,true,/ru/math/quadratic-equation/,calculator:quadratic-equation,src/pages/[locale]/[category]/[calculator].astro
/ru/automotive/chetvert-mili/,ru,calculator,true,/ru/automotive/chetvert-mili/,calculator:quarter-mile-elapsed-time,src/pages/[locale]/[category]/[calculator].astro
/ru/math/kvartili/,ru,calculator,true,/ru/math/kvartili/,calculator:quartile,src/pages/[locale]/[category]/[calculator].astro
/ru/building/rafters/,ru,calculator,true,/ru/building/rafters/,calculator:rafters,src/pages/[locale]/[category]/[calculator].astro
/ru/computers/raid/,ru,calculator,true,/ru/computers/raid/,calculator:raid,src/pages/[locale]/[category]/[calculator].astro
/ru/household/sbor-dozhdevoy-vody/,ru,calculator,true,/ru/household/sbor-dozhdevoy-vody/,calculator:rainfall-volume,src/pages/[locale]/[category]/[calculator].astro
/ru/math/ratio/,ru,calculator,true,/ru/math/ratio/,calculator:ratio,src/pages/[locale]/[category]/[calculator].astro
/ru/electronics/rc-filtr/,ru,calculator,true,/ru/electronics/rc-filtr/,calculator:rc-filter,src/pages/[locale]/[category]/[calculator].astro
/ru/education/reading-speed/,ru,calculator,true,/ru/education/reading-speed/,calculator:reading-speed,src/pages/[locale]/[category]/[calculator].astro
/ru/finance/real-return/,ru,calculator,true,/ru/finance/real-return/,calculator:real-return,src/pages/[locale]/[category]/[calculator].astro
/ru/household/recipe-cost/,ru,calculator,true,/ru/household/recipe-cost/,calculator:recipe-cost,src/pages/[locale]/[category]/[calculator].astro
/ru/household/recipe-scale/,ru,calculator,true,/ru/household/recipe-scale/,calculator:recipe-scale,src/pages/[locale]/[category]/[calculator].astro
/ru/finance/refinansirovanie/,ru,calculator,true,/ru/finance/refinansirovanie/,calculator:refinancing,src/pages/[locale]/[category]/[calculator].astro
/ru/physics/zamedlenie-vremeni/,ru,calculator,true,/ru/physics/zamedlenie-vremeni/,calculator:relativity-dilation,src/pages/[locale]/[category]/[calculator].astro
/ru/finance/rental-yield/,ru,calculator,true,/ru/finance/rental-yield/,calculator:rental-yield,src/pages/[locale]/[category]/[calculator].astro
/ru/electronics/cvetovaya-markirovka-rezistora/,ru,calculator,true,/ru/electronics/cvetovaya-markirovka-rezistora/,calculator:resistor-color,src/pages/[locale]/[category]/[calculator].astro
/ru/electronics/resistor-network/,ru,calculator,true,/ru/electronics/resistor-network/,calculator:resistor-network,src/pages/[locale]/[category]/[calculator].astro
/ru/business/return-rate/,ru,calculator,true,/ru/business/return-rate/,calculator:return-rate,src/pages/[locale]/[category]/[calculator].astro
/ru/business/revenue-per-employee/,ru,calculator,true,/ru/business/revenue-per-employee/,calculator:revenue-per-employee,src/pages/[locale]/[category]/[calculator].astro
/ru/finance/risk-reward/,ru,calculator,true,/ru/finance/risk-reward/,calculator:risk-reward,src/pages/[locale]/[category]/[calculator].astro
/ru/electronics/deystvuyushchee-napryazhenie/,ru,calculator,true,/ru/electronics/deystvuyushchee-napryazhenie/,calculator:rms-voltage,src/pages/[locale]/[category]/[calculator].astro
/ru/business/roas/,ru,calculator,true,/ru/business/roas/,calculator:roas,src/pages/[locale]/[category]/[calculator].astro
/ru/household/vremya-zapekaniya/,ru,calculator,true,/ru/household/vremya-zapekaniya/,calculator:roast-time,src/pages/[locale]/[category]/[calculator].astro
/ru/finance/roi/,ru,calculator,true,/ru/finance/roi/,calculator:roi,src/pages/[locale]/[category]/[calculator].astro
/ru/math/roman-numerals/,ru,calculator,true,/ru/math/roman-numerals/,calculator:roman-numerals,src/pages/[locale]/[category]/[calculator].astro
/ru/building/roof-area/,ru,calculator,true,/ru/building/roof-area/,calculator:roof-area,src/pages/[locale]/[category]/[calculator].astro
/ru/building/obreshetka/,ru,calculator,true,/ru/building/obreshetka/,calculator:roof-battens,src/pages/[locale]/[category]/[calculator].astro
/ru/building/room-volume/,ru,calculator,true,/ru/building/room-volume/,calculator:room-volume,src/pages/[locale]/[category]/[calculator].astro
/ru/math/rounding/,ru,calculator,true,/ru/math/rounding/,calculator:rounding,src/pages/[locale]/[category]/[calculator].astro
/ru/finance/rule-of-72/,ru,calculator,true,/ru/finance/rule-of-72/,calculator:rule-of-72,src/pages/[locale]/[category]/[calculator].astro
/ru/finance/salary-period-convert/,ru,calculator,true,/ru/finance/salary-period-convert/,calculator:salary-convert,src/pages/[locale]/[category]/[calculator].astro
/ru/finance/salary-raise/,ru,calculator,true,/ru/finance/salary-raise/,calculator:salary-raise,src/pages/[locale]/[category]/[calculator].astro
/ru/math/razmer-vyborki/,ru,calculator,true,/ru/math/razmer-vyborki/,calculator:sample-size,src/pages/[locale]/[category]/[calculator].astro
/ru/finance/finansovaya-cel/,ru,calculator,true,/ru/finance/finansovaya-cel/,calculator:savings-goal,src/pages/[locale]/[category]/[calculator].astro
/ru/finance/savings-rate/,ru,calculator,true,/ru/finance/savings-rate/,calculator:savings-rate,src/pages/[locale]/[category]/[calculator].astro
/ru/converters/masshtab-modeli/,ru,calculator,true,/ru/converters/masshtab-modeli/,calculator:scale-model,src/pages/[locale]/[category]/[calculator].astro
/ru/building/raskhod-germetika/,ru,calculator,true,/ru/building/raskhod-germetika/,calculator:sealant-volume,src/pages/[locale]/[category]/[calculator].astro
/ru/business/shipping-per-unit/,ru,calculator,true,/ru/business/shipping-per-unit/,calculator:shipping-per-unit,src/pages/[locale]/[category]/[calculator].astro
/ru/finance/simple-interest/,ru,calculator,true,/ru/finance/simple-interest/,calculator:simple-interest,src/pages/[locale]/[category]/[calculator].astro
/ru/electronics/single-phase-power/,ru,calculator,true,/ru/electronics/single-phase-power/,calculator:single-phase,src/pages/[locale]/[category]/[calculator].astro
/ru/building/plintus/,ru,calculator,true,/ru/building/plintus/,calculator:skirting,src/pages/[locale]/[category]/[calculator].astro
/ru/building/plitnyy-fundament/,ru,calculator,true,/ru/building/plitnyy-fundament/,calculator:slab-foundation,src/pages/[locale]/[category]/[calculator].astro
/ru/date-time/sleep-time/,ru,calculator,true,/ru/date-time/sleep-time/,calculator:sleep-time,src/pages/[locale]/[category]/[calculator].astro
/ru/geometry/slope/,ru,calculator,true,/ru/geometry/slope/,calculator:slope,src/pages/[locale]/[category]/[calculator].astro
/ru/chemistry/solution-concentration/,ru,calculator,true,/ru/chemistry/solution-concentration/,calculator:solution-concentration,src/pages/[locale]/[category]/[calculator].astro
/ru/physics/udelnaya-teploemkost/,ru,calculator,true,/ru/physics/udelnaya-teploemkost/,calculator:specific-heat,src/pages/[locale]/[category]/[calculator].astro
/ru/automotive/speed-distance-time/,ru,calculator,true,/ru/automotive/speed-distance-time/,calculator:speed-distance-time,src/pages/[locale]/[category]/[calculator].astro
/ru/physics/skorost-zvuka/,ru,calculator,true,/ru/physics/skorost-zvuka/,calculator:speed-of-sound,src/pages/[locale]/[category]/[calculator].astro
/ru/building/raschet-lestnicy/,ru,calculator,true,/ru/building/raschet-lestnicy/,calculator:stairs,src/pages/[locale]/[category]/[calculator].astro
/ru/math/descriptive-statistics/,ru,calculator,true,/ru/math/descriptive-statistics/,calculator:stats-descriptive,src/pages/[locale]/[category]/[calculator].astro
/ru/sport/shagi-rasstoyanie-kalorii/,ru,calculator,true,/ru/sport/shagi-rasstoyanie-kalorii/,calculator:steps-distance-calories,src/pages/[locale]/[category]/[calculator].astro
/ru/household/stock-duration/,ru,calculator,true,/ru/household/stock-duration/,calculator:stock-duration,src/pages/[locale]/[category]/[calculator].astro
/ru/automotive/tormoznoy-put/,ru,calculator,true,/ru/automotive/tormoznoy-put/,calculator:stopping-distance,src/pages/[locale]/[category]/[calculator].astro
/ru/physics/napryazhenie-i-deformaciya/,ru,calculator,true,/ru/physics/napryazhenie-i-deformaciya/,calculator:stress-strain,src/pages/[locale]/[category]/[calculator].astro
/ru/building/strip-foundation/,ru,calculator,true,/ru/building/strip-foundation/,calculator:strip-foundation,src/pages/[locale]/[category]/[calculator].astro
/ru/household/stoimost-podpisok/,ru,calculator,true,/ru/household/stoimost-podpisok/,calculator:subscriptions-cost,src/pages/[locale]/[category]/[calculator].astro
/ru/building/obyom-emkosti/,ru,calculator,true,/ru/building/obyom-emkosti/,calculator:tank-volume,src/pages/[locale]/[category]/[calculator].astro
/ru/physics/predelnaya-skorost-padeniya/,ru,calculator,true,/ru/physics/predelnaya-skorost-padeniya/,calculator:terminal-velocity,src/pages/[locale]/[category]/[calculator].astro
/ru/education/test-score-percent/,ru,calculator,true,/ru/education/test-score-percent/,calculator:test-score-percent,src/pages/[locale]/[category]/[calculator].astro
/ru/education/text-reading-time/,ru,calculator,true,/ru/education/text-reading-time/,calculator:text-reading-time,src/pages/[locale]/[category]/[calculator].astro
/ru/computers/text-word-char-count/,ru,calculator,true,/ru/computers/text-word-char-count/,calculator:text-word-char-count,src/pages/[locale]/[category]/[calculator].astro
/ru/physics/teploperedacha-cherez-sloy/,ru,calculator,true,/ru/physics/teploperedacha-cherez-sloy/,calculator:thermal-conduction,src/pages/[locale]/[category]/[calculator].astro
/ru/physics/tonkaya-linza/,ru,calculator,true,/ru/physics/tonkaya-linza/,calculator:thin-lens,src/pages/[locale]/[category]/[calculator].astro
/ru/date-time/time-duration/,ru,calculator,true,/ru/date-time/time-duration/,calculator:time-duration,src/pages/[locale]/[category]/[calculator].astro
/ru/finance/time-value-money/,ru,calculator,true,/ru/finance/time-value-money/,calculator:time-value-money,src/pages/[locale]/[category]/[calculator].astro
/ru/business/tabel-rabochego-vremeni/,ru,calculator,true,/ru/business/tabel-rabochego-vremeni/,calculator:timesheet-week,src/pages/[locale]/[category]/[calculator].astro
/ru/date-time/timezone-difference/,ru,calculator,true,/ru/date-time/timezone-difference/,calculator:timezone-difference,src/pages/[locale]/[category]/[calculator].astro
/ru/household/tip/,ru,calculator,true,/ru/household/tip/,calculator:tip,src/pages/[locale]/[category]/[calculator].astro
/ru/automotive/tire-size/,ru,calculator,true,/ru/automotive/tire-size/,calculator:tire-size,src/pages/[locale]/[category]/[calculator].astro
/ru/electronics/koefficient-transformacii/,ru,calculator,true,/ru/electronics/koefficient-transformacii/,calculator:transformer-ratio,src/pages/[locale]/[category]/[calculator].astro
/ru/household/trip-budget/,ru,calculator,true,/ru/household/trip-budget/,calculator:trip-budget,src/pages/[locale]/[category]/[calculator].astro
/ru/automotive/trip-cost/,ru,calculator,true,/ru/automotive/trip-cost/,calculator:trip-cost,src/pages/[locale]/[category]/[calculator].astro
/ru/computers/rasstoyanie-do-televizora/,ru,calculator,true,/ru/computers/rasstoyanie-do-televizora/,calculator:tv-monitor-viewing-distance,src/pages/[locale]/[category]/[calculator].astro
/ru/building/teplyy-pol/,ru,calculator,true,/ru/building/teplyy-pol/,calculator:underfloor-heating,src/pages/[locale]/[category]/[calculator].astro
/ru/computers/unix-timestamp/,ru,calculator,true,/ru/computers/unix-timestamp/,calculator:unix-timestamp,src/pages/[locale]/[category]/[calculator].astro
/ru/household/kommunalnye-platezhi/,ru,calculator,true,/ru/household/kommunalnye-platezhi/,calculator:utility-total,src/pages/[locale]/[category]/[calculator].astro
/ru/finance/vacation-accrual/,ru,calculator,true,/ru/finance/vacation-accrual/,calculator:vacation-accrual,src/pages/[locale]/[category]/[calculator].astro
/ru/computers/video-file-size/,ru,calculator,true,/ru/computers/video-file-size/,calculator:video-file-size,src/pages/[locale]/[category]/[calculator].astro
/ru/sport/vo2max/,ru,calculator,true,/ru/sport/vo2max/,calculator:vo2max,src/pages/[locale]/[category]/[calculator].astro
/ru/electronics/delitel-napryazheniya/,ru,calculator,true,/ru/electronics/delitel-napryazheniya/,calculator:voltage-divider,src/pages/[locale]/[category]/[calculator].astro
/ru/electronics/padenie-napryazheniya/,ru,calculator,true,/ru/electronics/padenie-napryazheniya/,calculator:voltage-drop,src/pages/[locale]/[category]/[calculator].astro
/ru/sport/sootnoshenie-talii/,ru,calculator,true,/ru/sport/sootnoshenie-talii/,calculator:waist-ratio,src/pages/[locale]/[category]/[calculator].astro
/ru/household/vremya-nagreva-vody/,ru,calculator,true,/ru/household/vremya-nagreva-vody/,calculator:water-heating,src/pages/[locale]/[category]/[calculator].astro
/ru/sport/water-intake/,ru,calculator,true,/ru/sport/water-intake/,calculator:water-intake,src/pages/[locale]/[category]/[calculator].astro
/ru/physics/wave-frequency/,ru,calculator,true,/ru/physics/wave-frequency/,calculator:wave,src/pages/[locale]/[category]/[calculator].astro
/ru/date-time/week-number/,ru,calculator,true,/ru/date-time/week-number/,calculator:week-number,src/pages/[locale]/[category]/[calculator].astro
/ru/math/weighted-average/,ru,calculator,true,/ru/math/weighted-average/,calculator:weighted-mean,src/pages/[locale]/[category]/[calculator].astro
/ru/automotive/vylet-diska/,ru,calculator,true,/ru/automotive/vylet-diska/,calculator:wheel-offset,src/pages/[locale]/[category]/[calculator].astro
/ru/physics/oshchushchaemaya-temperatura/,ru,calculator,true,/ru/physics/oshchushchaemaya-temperatura/,calculator:wind-chill,src/pages/[locale]/[category]/[calculator].astro
/ru/physics/moshchnost-vetra/,ru,calculator,true,/ru/physics/moshchnost-vetra/,calculator:wind-power,src/pages/[locale]/[category]/[calculator].astro
/ru/building/ves-drevesiny/,ru,calculator,true,/ru/building/ves-drevesiny/,calculator:wood-weight,src/pages/[locale]/[category]/[calculator].astro
/ru/physics/work/,ru,calculator,true,/ru/physics/work/,calculator:work,src/pages/[locale]/[category]/[calculator].astro
/ru/date-time/work-hours/,ru,calculator,true,/ru/date-time/work-hours/,calculator:work-hours,src/pages/[locale]/[category]/[calculator].astro
/ru/finance/workday-cost/,ru,calculator,true,/ru/finance/workday-cost/,calculator:workday-cost,src/pages/[locale]/[category]/[calculator].astro
/ru/household/pereschyot-drozhzhey/,ru,calculator,true,/ru/household/pereschyot-drozhzhey/,calculator:yeast-convert,src/pages/[locale]/[category]/[calculator].astro
/ru/math/z-score/,ru,calculator,true,/ru/math/z-score/,calculator:z-score,src/pages/[locale]/[category]/[calculator].astro
/en/,en,home,true,/en/,home,src/pages/[locale]/index.astro
/en/calculators/,en,catalog,true,/en/calculators/,catalog,src/pages/[locale]/calculators.astro
/en/calculators/page/2/,en,catalog,true,/en/calculators/page/2/,catalog-page-2,src/pages/[locale]/calculators/page/[page].astro
/en/calculators/page/3/,en,catalog,true,/en/calculators/page/3/,catalog-page-3,src/pages/[locale]/calculators/page/[page].astro
/en/calculators/?tag=*,en,facet,false,/en/calculators/,none,functions/[locale]/calculators.js
/en/calculators/?category=*,en,facet,false,/en/calculators/,none,functions/[locale]/calculators.js
/en/calculators/?sort=*,en,facet,false,/en/calculators/,none,functions/[locale]/calculators.js
/en/calculators/?q=*,en,facet,false,/en/calculators/,none,functions/[locale]/calculators.js
/en/about/,en,service,true,/en/about/,about,src/pages/[locale]/about.astro
/en/contacts/,en,service,true,/en/contacts/,contacts,src/pages/[locale]/contacts.astro
/en/privacy/,en,service,true,/en/privacy/,privacy,src/pages/[locale]/privacy.astro
/en/finance/,en,category,true,/en/finance/,category:finance,src/pages/[locale]/[category]/index.astro
/en/currency/,en,category,true,/en/currency/,category:currency,src/pages/[locale]/[category]/index.astro
/en/fitness/,en,category,true,/en/fitness/,category:sport,src/pages/[locale]/[category]/index.astro
/en/home-improvement/,en,category,true,/en/home-improvement/,category:building,src/pages/[locale]/[category]/index.astro
/en/date-time/,en,category,true,/en/date-time/,category:date-time,src/pages/[locale]/[category]/index.astro
/en/math/,en,category,true,/en/math/,category:math,src/pages/[locale]/[category]/index.astro
/en/business/,en,category,true,/en/business/,category:business,src/pages/[locale]/[category]/index.astro
/en/converters/,en,category,true,/en/converters/,category:converters,src/pages/[locale]/[category]/index.astro
/en/electronics/,en,category,true,/en/electronics/,category:electronics,src/pages/[locale]/[category]/index.astro
/en/computers/,en,category,true,/en/computers/,category:computers,src/pages/[locale]/[category]/index.astro
/en/education/,en,category,true,/en/education/,category:education,src/pages/[locale]/[category]/index.astro
/en/automotive/,en,category,true,/en/automotive/,category:automotive,src/pages/[locale]/[category]/index.astro
/en/household/,en,category,true,/en/household/,category:household,src/pages/[locale]/[category]/index.astro
/en/geometry/,en,category,true,/en/geometry/,category:geometry,src/pages/[locale]/[category]/index.astro
/en/physics/,en,category,true,/en/physics/,category:physics,src/pages/[locale]/[category]/index.astro
/en/chemistry/,en,category,true,/en/chemistry/,category:chemistry,src/pages/[locale]/[category]/index.astro
/en/finance/loan-calculator/,en,calculator,true,/en/finance/loan-calculator/,calculator:credit-calculator,src/pages/[locale]/[category]/[calculator].astro
/en/finance/compound-interest-calculator/,en,calculator,true,/en/finance/compound-interest-calculator/,calculator:compound-interest,src/pages/[locale]/[category]/[calculator].astro
/en/finance/mortgage-calculator/,en,calculator,true,/en/finance/mortgage-calculator/,calculator:mortgage-calculator,src/pages/[locale]/[category]/[calculator].astro
/en/finance/percentage-calculator/,en,calculator,true,/en/finance/percentage-calculator/,calculator:percent-calculator,src/pages/[locale]/[category]/[calculator].astro
/en/finance/discount-calculator/,en,calculator,true,/en/finance/discount-calculator/,calculator:discount-calculator,src/pages/[locale]/[category]/[calculator].astro
/en/finance/margin-calculator/,en,calculator,true,/en/finance/margin-calculator/,calculator:margin-calculator,src/pages/[locale]/[category]/[calculator].astro
/en/finance/break-even-calculator/,en,calculator,true,/en/finance/break-even-calculator/,calculator:break-even-calculator,src/pages/[locale]/[category]/[calculator].astro
/en/currency/currency-converter/,en,calculator,true,/en/currency/currency-converter/,calculator:currency-converter,src/pages/[locale]/[category]/[calculator].astro
/en/currency/usd-to-eur/,en,calculator,true,/en/currency/usd-to-eur/,calculator:usd-to-eur,src/pages/[locale]/[category]/[calculator].astro
/en/currency/eur-to-mdl/,en,calculator,true,/en/currency/eur-to-mdl/,calculator:eur-to-mdl,src/pages/[locale]/[category]/[calculator].astro
/en/currency/usd-to-mdl/,en,calculator,true,/en/currency/usd-to-mdl/,calculator:usd-to-mdl,src/pages/[locale]/[category]/[calculator].astro
/en/fitness/bmi-calculator/,en,calculator,true,/en/fitness/bmi-calculator/,calculator:bmi-calculator,src/pages/[locale]/[category]/[calculator].astro
/en/fitness/calorie-calculator/,en,calculator,true,/en/fitness/calorie-calculator/,calculator:calorie-calculator,src/pages/[locale]/[category]/[calculator].astro
/en/fitness/body-fat-calculator/,en,calculator,true,/en/fitness/body-fat-calculator/,calculator:body-fat-calculator,src/pages/[locale]/[category]/[calculator].astro
/en/fitness/running-pace-calculator/,en,calculator,true,/en/fitness/running-pace-calculator/,calculator:running-pace-calculator,src/pages/[locale]/[category]/[calculator].astro
/en/fitness/one-rep-max-calculator/,en,calculator,true,/en/fitness/one-rep-max-calculator/,calculator:one-rep-max-calculator,src/pages/[locale]/[category]/[calculator].astro
/en/home-improvement/tile-calculator/,en,calculator,true,/en/home-improvement/tile-calculator/,calculator:tile-calculator,src/pages/[locale]/[category]/[calculator].astro
/en/home-improvement/wallpaper-calculator/,en,calculator,true,/en/home-improvement/wallpaper-calculator/,calculator:wallpaper-calculator,src/pages/[locale]/[category]/[calculator].astro
/en/home-improvement/paint-calculator/,en,calculator,true,/en/home-improvement/paint-calculator/,calculator:paint-calculator,src/pages/[locale]/[category]/[calculator].astro
/en/home-improvement/laminate-calculator/,en,calculator,true,/en/home-improvement/laminate-calculator/,calculator:laminate-calculator,src/pages/[locale]/[category]/[calculator].astro
/en/home-improvement/screed-calculator/,en,calculator,true,/en/home-improvement/screed-calculator/,calculator:screed-calculator,src/pages/[locale]/[category]/[calculator].astro
/en/home-improvement/brick-calculator/,en,calculator,true,/en/home-improvement/brick-calculator/,calculator:brick-calculator,src/pages/[locale]/[category]/[calculator].astro
/en/date-time/age-calculator/,en,calculator,true,/en/date-time/age-calculator/,calculator:age-calculator,src/pages/[locale]/[category]/[calculator].astro
/en/date-time/business-days-calculator/,en,calculator,true,/en/date-time/business-days-calculator/,calculator:working-days-calculator,src/pages/[locale]/[category]/[calculator].astro
/en/date-time/date-calculator/,en,calculator,true,/en/date-time/date-calculator/,calculator:date-shift-calculator,src/pages/[locale]/[category]/[calculator].astro
/en/household/abv-from-gravity/,en,calculator,true,/en/household/abv-from-gravity/,calculator:abv-alcohol,src/pages/[locale]/[category]/[calculator].astro
/en/physics/acceleration-calculator/,en,calculator,true,/en/physics/acceleration-calculator/,calculator:acceleration,src/pages/[locale]/[category]/[calculator].astro
/en/fitness/exercise-calorie-calculator/,en,calculator,true,/en/fitness/exercise-calorie-calculator/,calculator:activity-calories,src/pages/[locale]/[category]/[calculator].astro
/en/business/ad-budget-funnel-calculator/,en,calculator,true,/en/business/ad-budget-funnel-calculator/,calculator:ad-budget-funnel,src/pages/[locale]/[category]/[calculator].astro
/en/business/advertising-roi/,en,calculator,true,/en/business/advertising-roi/,calculator:ad-roi,src/pages/[locale]/[category]/[calculator].astro
/en/physics/air-density/,en,calculator,true,/en/physics/air-density/,calculator:air-density,src/pages/[locale]/[category]/[calculator].astro
/en/home-improvement/air-changes-per-hour/,en,calculator,true,/en/home-improvement/air-changes-per-hour/,calculator:air-exchange,src/pages/[locale]/[category]/[calculator].astro
/en/physics/air-pressure-at-altitude/,en,calculator,true,/en/physics/air-pressure-at-altitude/,calculator:air-pressure-at-altitude,src/pages/[locale]/[category]/[calculator].astro
/en/household/alcohol-units/,en,calculator,true,/en/household/alcohol-units/,calculator:alcohol-units,src/pages/[locale]/[category]/[calculator].astro
/en/finance/annuity-calculator/,en,calculator,true,/en/finance/annuity-calculator/,calculator:annuity,src/pages/[locale]/[category]/[calculator].astro
/en/business/average-order-value/,en,calculator,true,/en/business/average-order-value/,calculator:aov,src/pages/[locale]/[category]/[calculator].astro
/en/finance/apr-apy-calculator/,en,calculator,true,/en/finance/apr-apy-calculator/,calculator:apr-apy,src/pages/[locale]/[category]/[calculator].astro
/en/household/aquarium-water-change-calculator/,en,calculator,true,/en/household/aquarium-water-change-calculator/,calculator:aquarium-water-change,src/pages/[locale]/[category]/[calculator].astro
/en/math/arithmetic-progression-calculator/,en,calculator,true,/en/math/arithmetic-progression-calculator/,calculator:arithmetic-progression,src/pages/[locale]/[category]/[calculator].astro
/en/business/arpu-arppu-calculator/,en,calculator,true,/en/business/arpu-arppu-calculator/,calculator:arpu-arppu,src/pages/[locale]/[category]/[calculator].astro
/en/computers/aspect-ratio-calculator/,en,calculator,true,/en/computers/aspect-ratio-calculator/,calculator:aspect-ratio,src/pages/[locale]/[category]/[calculator].astro
/en/business/audience-growth-calculator/,en,calculator,true,/en/business/audience-growth-calculator/,calculator:audience-growth,src/pages/[locale]/[category]/[calculator].astro
/en/household/bakers-percentage-calculator/,en,calculator,true,/en/household/bakers-percentage-calculator/,calculator:bakers-percentage,src/pages/[locale]/[category]/[calculator].astro
/en/home-improvement/baluster-spacing/,en,calculator,true,/en/home-improvement/baluster-spacing/,calculator:baluster-spacing,src/pages/[locale]/[category]/[calculator].astro
/en/fitness/barbell-plates/,en,calculator,true,/en/fitness/barbell-plates/,calculator:barbell-plates,src/pages/[locale]/[category]/[calculator].astro
/en/electronics/battery-charge-time-calculator/,en,calculator,true,/en/electronics/battery-charge-time-calculator/,calculator:battery-charge-time,src/pages/[locale]/[category]/[calculator].astro
/en/electronics/battery-runtime-calculator/,en,calculator,true,/en/electronics/battery-runtime-calculator/,calculator:battery-runtime,src/pages/[locale]/[category]/[calculator].astro
/en/electronics/battery-series-parallel-calculator/,en,calculator,true,/en/electronics/battery-series-parallel-calculator/,calculator:battery-series-parallel,src/pages/[locale]/[category]/[calculator].astro
/en/home-improvement/beam-deflection/,en,calculator,true,/en/home-improvement/beam-deflection/,calculator:beam-deflection,src/pages/[locale]/[category]/[calculator].astro
/en/home-improvement/beam-bending-stress/,en,calculator,true,/en/home-improvement/beam-bending-stress/,calculator:beam-stress,src/pages/[locale]/[category]/[calculator].astro
/en/geometry/belt-length/,en,calculator,true,/en/geometry/belt-length/,calculator:belt-length,src/pages/[locale]/[category]/[calculator].astro
/en/physics/bernoulli-equation/,en,calculator,true,/en/physics/bernoulli-equation/,calculator:bernoulli,src/pages/[locale]/[category]/[calculator].astro
/en/fitness/bike-gear-ratio-calculator/,en,calculator,true,/en/fitness/bike-gear-ratio-calculator/,calculator:bike-gear-ratio,src/pages/[locale]/[category]/[calculator].astro
/en/fitness/bike-wheel-size/,en,calculator,true,/en/fitness/bike-wheel-size/,calculator:bike-wheel-size,src/pages/[locale]/[category]/[calculator].astro
/en/math/binomial-probability-calculator/,en,calculator,true,/en/math/binomial-probability-calculator/,calculator:binomial-probability,src/pages/[locale]/[category]/[calculator].astro
/en/home-improvement/board-volume-calculator/,en,calculator,true,/en/home-improvement/board-volume-calculator/,calculator:board-volume,src/pages/[locale]/[category]/[calculator].astro
/en/physics/boiling-point-altitude/,en,calculator,true,/en/physics/boiling-point-altitude/,calculator:boiling-point,src/pages/[locale]/[category]/[calculator].astro
/en/finance/bonus-calculator/,en,calculator,true,/en/finance/bonus-calculator/,calculator:bonus,src/pages/[locale]/[category]/[calculator].astro
/en/household/coffee-brew-ratio/,en,calculator,true,/en/household/coffee-brew-ratio/,calculator:brew-ratio,src/pages/[locale]/[category]/[calculator].astro
/en/finance/budget-50-30-20-calculator/,en,calculator,true,/en/finance/budget-50-30-20-calculator/,calculator:budget-50-30-20,src/pages/[locale]/[category]/[calculator].astro
/en/finance/budget-split/,en,calculator,true,/en/finance/budget-split/,calculator:budget-split,src/pages/[locale]/[category]/[calculator].astro
/en/home-improvement/bulk-material-volume/,en,calculator,true,/en/home-improvement/bulk-material-volume/,calculator:bulk-material-volume,src/pages/[locale]/[category]/[calculator].astro
/en/physics/buoyancy-force/,en,calculator,true,/en/physics/buoyancy-force/,calculator:buoyancy,src/pages/[locale]/[category]/[calculator].astro
/en/business/customer-acquisition-cost/,en,calculator,true,/en/business/customer-acquisition-cost/,calculator:cac,src/pages/[locale]/[category]/[calculator].astro
/en/finance/cagr-calculator/,en,calculator,true,/en/finance/cagr-calculator/,calculator:cagr,src/pages/[locale]/[category]/[calculator].astro
/en/fitness/calories-from-macros-calculator/,en,calculator,true,/en/fitness/calories-from-macros-calculator/,calculator:calories-from-macros,src/pages/[locale]/[category]/[calculator].astro
/en/household/calories-per-serving/,en,calculator,true,/en/household/calories-per-serving/,calculator:calories-per-serving,src/pages/[locale]/[category]/[calculator].astro
/en/electronics/capacitor-charge-energy/,en,calculator,true,/en/electronics/capacitor-charge-energy/,calculator:capacitor-basics,src/pages/[locale]/[category]/[calculator].astro
/en/electronics/capacitors-in-series-parallel/,en,calculator,true,/en/electronics/capacitors-in-series-parallel/,calculator:capacitor-network,src/pages/[locale]/[category]/[calculator].astro
/en/automotive/car-depreciation-calculator/,en,calculator,true,/en/automotive/car-depreciation-calculator/,calculator:car-depreciation,src/pages/[locale]/[category]/[calculator].astro
/en/physics/carnot-efficiency/,en,calculator,true,/en/physics/carnot-efficiency/,calculator:carnot,src/pages/[locale]/[category]/[calculator].astro
/en/physics/centripetal-force-calculator/,en,calculator,true,/en/physics/centripetal-force-calculator/,calculator:centripetal-force,src/pages/[locale]/[category]/[calculator].astro
/en/business/churn-retention-calculator/,en,calculator,true,/en/business/churn-retention-calculator/,calculator:churn-retention,src/pages/[locale]/[category]/[calculator].astro
/en/home-improvement/cladding-boards/,en,calculator,true,/en/home-improvement/cladding-boards/,calculator:cladding-boards,src/pages/[locale]/[category]/[calculator].astro
/en/electronics/coaxial-cable-impedance/,en,calculator,true,/en/electronics/coaxial-cable-impedance/,calculator:coaxial-cable-impedance,src/pages/[locale]/[category]/[calculator].astro
/en/business/cogs-calculator/,en,calculator,true,/en/business/cogs-calculator/,calculator:cogs,src/pages/[locale]/[category]/[calculator].astro
/en/business/unit-cost-calculator/,en,calculator,true,/en/business/unit-cost-calculator/,calculator:cogs-unit-cost,src/pages/[locale]/[category]/[calculator].astro
/en/computers/hex-rgb-hsl-converter/,en,calculator,true,/en/computers/hex-rgb-hsl-converter/,calculator:color-convert,src/pages/[locale]/[category]/[calculator].astro
/en/math/combinations-permutations-calculator/,en,calculator,true,/en/math/combinations-permutations-calculator/,calculator:combinatorics,src/pages/[locale]/[category]/[calculator].astro
/en/finance/commission-calculator/,en,calculator,true,/en/finance/commission-calculator/,calculator:commission,src/pages/[locale]/[category]/[calculator].astro
/en/automotive/compression-ratio/,en,calculator,true,/en/automotive/compression-ratio/,calculator:compression-ratio,src/pages/[locale]/[category]/[calculator].astro
/en/home-improvement/concrete-calculator/,en,calculator,true,/en/home-improvement/concrete-calculator/,calculator:concrete,src/pages/[locale]/[category]/[calculator].astro
/en/math/confidence-interval-calculator/,en,calculator,true,/en/math/confidence-interval-calculator/,calculator:confidence-interval,src/pages/[locale]/[category]/[calculator].astro
/en/business/contribution-margin/,en,calculator,true,/en/business/contribution-margin/,calculator:contribution-margin,src/pages/[locale]/[category]/[calculator].astro
/en/business/conversion-rate-calculator/,en,calculator,true,/en/business/conversion-rate-calculator/,calculator:conversion-rate,src/pages/[locale]/[category]/[calculator].astro
/en/converters/angle-converter/,en,calculator,true,/en/converters/angle-converter/,calculator:convert-angle,src/pages/[locale]/[category]/[calculator].astro
/en/converters/area-converter/,en,calculator,true,/en/converters/area-converter/,calculator:convert-area,src/pages/[locale]/[category]/[calculator].astro
/en/converters/cooking-volume-converter/,en,calculator,true,/en/converters/cooking-volume-converter/,calculator:convert-cooking-volume,src/pages/[locale]/[category]/[calculator].astro
/en/converters/cooking-weight-converter/,en,calculator,true,/en/converters/cooking-weight-converter/,calculator:convert-cooking-weight,src/pages/[locale]/[category]/[calculator].astro
/en/converters/data-rate-converter/,en,calculator,true,/en/converters/data-rate-converter/,calculator:convert-data-rate,src/pages/[locale]/[category]/[calculator].astro
/en/converters/density-converter/,en,calculator,true,/en/converters/density-converter/,calculator:convert-density,src/pages/[locale]/[category]/[calculator].astro
/en/converters/digital-storage-converter/,en,calculator,true,/en/converters/digital-storage-converter/,calculator:convert-digital,src/pages/[locale]/[category]/[calculator].astro
/en/converters/energy-converter/,en,calculator,true,/en/converters/energy-converter/,calculator:convert-energy,src/pages/[locale]/[category]/[calculator].astro
/en/converters/flow-rate-converter/,en,calculator,true,/en/converters/flow-rate-converter/,calculator:convert-flow,src/pages/[locale]/[category]/[calculator].astro
/en/converters/force-converter/,en,calculator,true,/en/converters/force-converter/,calculator:convert-force,src/pages/[locale]/[category]/[calculator].astro
/en/converters/frequency-converter/,en,calculator,true,/en/converters/frequency-converter/,calculator:convert-frequency,src/pages/[locale]/[category]/[calculator].astro
/en/converters/fuel-economy-converter/,en,calculator,true,/en/converters/fuel-economy-converter/,calculator:convert-fuel-economy,src/pages/[locale]/[category]/[calculator].astro
/en/converters/illuminance-converter/,en,calculator,true,/en/converters/illuminance-converter/,calculator:convert-illuminance,src/pages/[locale]/[category]/[calculator].astro
/en/converters/length-converter/,en,calculator,true,/en/converters/length-converter/,calculator:convert-length,src/pages/[locale]/[category]/[calculator].astro
/en/converters/mass-converter/,en,calculator,true,/en/converters/mass-converter/,calculator:convert-mass,src/pages/[locale]/[category]/[calculator].astro
/en/converters/power-converter/,en,calculator,true,/en/converters/power-converter/,calculator:convert-power,src/pages/[locale]/[category]/[calculator].astro
/en/converters/pressure-converter/,en,calculator,true,/en/converters/pressure-converter/,calculator:convert-pressure,src/pages/[locale]/[category]/[calculator].astro
/en/converters/radiation-converter/,en,calculator,true,/en/converters/radiation-converter/,calculator:convert-radiation,src/pages/[locale]/[category]/[calculator].astro
/en/converters/speed-converter/,en,calculator,true,/en/converters/speed-converter/,calculator:convert-speed,src/pages/[locale]/[category]/[calculator].astro
/en/converters/temperature-converter/,en,calculator,true,/en/converters/temperature-converter/,calculator:convert-temperature,src/pages/[locale]/[category]/[calculator].astro
/en/converters/time-converter/,en,calculator,true,/en/converters/time-converter/,calculator:convert-time,src/pages/[locale]/[category]/[calculator].astro
/en/converters/torque-converter/,en,calculator,true,/en/converters/torque-converter/,calculator:convert-torque,src/pages/[locale]/[category]/[calculator].astro
/en/converters/volume-converter/,en,calculator,true,/en/converters/volume-converter/,calculator:convert-volume,src/pages/[locale]/[category]/[calculator].astro
/en/household/raw-to-cooked-weight-calculator/,en,calculator,true,/en/household/raw-to-cooked-weight-calculator/,calculator:cooked-weight,src/pages/[locale]/[category]/[calculator].astro
/en/converters/coordinates-dms-decimal/,en,calculator,true,/en/converters/coordinates-dms-decimal/,calculator:coordinate-convert,src/pages/[locale]/[category]/[calculator].astro
/en/math/correlation-coefficient-calculator/,en,calculator,true,/en/math/correlation-coefficient-calculator/,calculator:correlation,src/pages/[locale]/[category]/[calculator].astro
/en/physics/coulombs-law/,en,calculator,true,/en/physics/coulombs-law/,calculator:coulomb,src/pages/[locale]/[category]/[calculator].astro
/en/business/cpa-cpl-cpi-calculator/,en,calculator,true,/en/business/cpa-cpl-cpi-calculator/,calculator:cpa-cpl-cpi,src/pages/[locale]/[category]/[calculator].astro
/en/business/cpc-calculator/,en,calculator,true,/en/business/cpc-calculator/,calculator:cpc,src/pages/[locale]/[category]/[calculator].astro
/en/business/cpm-calculator/,en,calculator,true,/en/business/cpm-calculator/,calculator:cpm,src/pages/[locale]/[category]/[calculator].astro
/en/finance/credit-card-payoff/,en,calculator,true,/en/finance/credit-card-payoff/,calculator:credit-card-payoff,src/pages/[locale]/[category]/[calculator].astro
/en/finance/crypto-profit-calculator/,en,calculator,true,/en/finance/crypto-profit-calculator/,calculator:crypto-pnl,src/pages/[locale]/[category]/[calculator].astro
/en/computers/css-units-converter/,en,calculator,true,/en/computers/css-units-converter/,calculator:css-units,src/pages/[locale]/[category]/[calculator].astro
/en/business/ctr-calculator/,en,calculator,true,/en/business/ctr-calculator/,calculator:ctr,src/pages/[locale]/[category]/[calculator].astro
/en/currency/currency-exchange-cost-calculator/,en,calculator,true,/en/currency/currency-exchange-cost-calculator/,calculator:currency-exchange-fee,src/pages/[locale]/[category]/[calculator].astro
/en/household/curtain-size/,en,calculator,true,/en/household/curtain-size/,calculator:curtain-size,src/pages/[locale]/[category]/[calculator].astro
/en/business/takt-time/,en,calculator,true,/en/business/takt-time/,calculator:cycle-time,src/pages/[locale]/[category]/[calculator].astro
/en/date-time/day-of-week/,en,calculator,true,/en/date-time/day-of-week/,calculator:day-of-week,src/pages/[locale]/[category]/[calculator].astro
/en/finance/dollar-cost-averaging-calculator/,en,calculator,true,/en/finance/dollar-cost-averaging-calculator/,calculator:dca,src/pages/[locale]/[category]/[calculator].astro
/en/physics/de-broglie-wavelength/,en,calculator,true,/en/physics/de-broglie-wavelength/,calculator:de-broglie,src/pages/[locale]/[category]/[calculator].astro
/en/finance/debt-snowball-avalanche/,en,calculator,true,/en/finance/debt-snowball-avalanche/,calculator:debt-snowball-avalanche,src/pages/[locale]/[category]/[calculator].astro
/en/physics/decibel-calculator/,en,calculator,true,/en/physics/decibel-calculator/,calculator:decibel,src/pages/[locale]/[category]/[calculator].astro
/en/physics/density-calculator/,en,calculator,true,/en/physics/density-calculator/,calculator:density,src/pages/[locale]/[category]/[calculator].astro
/en/finance/asset-depreciation/,en,calculator,true,/en/finance/asset-depreciation/,calculator:depreciation-methods,src/pages/[locale]/[category]/[calculator].astro
/en/physics/dew-point/,en,calculator,true,/en/physics/dew-point/,calculator:dew-point,src/pages/[locale]/[category]/[calculator].astro
/en/math/dice-probability-calculator/,en,calculator,true,/en/math/dice-probability-calculator/,calculator:dice-probability,src/pages/[locale]/[category]/[calculator].astro
/en/math/absolute-relative-difference/,en,calculator,true,/en/math/absolute-relative-difference/,calculator:difference-abs-rel,src/pages/[locale]/[category]/[calculator].astro
/en/chemistry/dilution-calculator/,en,calculator,true,/en/chemistry/dilution-calculator/,calculator:dilution,src/pages/[locale]/[category]/[calculator].astro
/en/finance/dividend-yield/,en,calculator,true,/en/finance/dividend-yield/,calculator:dividend-yield,src/pages/[locale]/[category]/[calculator].astro
/en/math/divisors-calculator/,en,calculator,true,/en/math/divisors-calculator/,calculator:divisors,src/pages/[locale]/[category]/[calculator].astro
/en/physics/doppler-effect/,en,calculator,true,/en/physics/doppler-effect/,calculator:doppler,src/pages/[locale]/[category]/[calculator].astro
/en/finance/down-payment-calculator/,en,calculator,true,/en/finance/down-payment-calculator/,calculator:down-payment,src/pages/[locale]/[category]/[calculator].astro
/en/computers/download-time-calculator/,en,calculator,true,/en/computers/download-time-calculator/,calculator:download-time,src/pages/[locale]/[category]/[calculator].astro
/en/household/dripping-tap-water-loss/,en,calculator,true,/en/household/dripping-tap-water-loss/,calculator:drip-water-leak,src/pages/[locale]/[category]/[calculator].astro
/en/home-improvement/drywall/,en,calculator,true,/en/home-improvement/drywall/,calculator:drywall,src/pages/[locale]/[category]/[calculator].astro
/en/finance/debt-to-income/,en,calculator,true,/en/finance/debt-to-income/,calculator:dti,src/pages/[locale]/[category]/[calculator].astro
/en/finance/early-loan-repayment-calculator/,en,calculator,true,/en/finance/early-loan-repayment-calculator/,calculator:early-repayment,src/pages/[locale]/[category]/[calculator].astro
/en/household/electricity-usage-calculator/,en,calculator,true,/en/household/electricity-usage-calculator/,calculator:electricity-usage,src/pages/[locale]/[category]/[calculator].astro
/en/business/email-marketing-metrics-calculator/,en,calculator,true,/en/business/email-marketing-metrics-calculator/,calculator:email-metrics,src/pages/[locale]/[category]/[calculator].astro
/en/finance/emergency-fund-calculator/,en,calculator,true,/en/finance/emergency-fund-calculator/,calculator:emergency-fund,src/pages/[locale]/[category]/[calculator].astro
/en/business/employee-cost-calculator/,en,calculator,true,/en/business/employee-cost-calculator/,calculator:employee-cost,src/pages/[locale]/[category]/[calculator].astro
/en/business/engagement-rate-calculator/,en,calculator,true,/en/business/engagement-rate-calculator/,calculator:engagement-rate,src/pages/[locale]/[category]/[calculator].astro
/en/automotive/engine-displacement/,en,calculator,true,/en/automotive/engine-displacement/,calculator:engine-displacement,src/pages/[locale]/[category]/[calculator].astro
/en/home-improvement/epoxy-resin-volume/,en,calculator,true,/en/home-improvement/epoxy-resin-volume/,calculator:epoxy-volume,src/pages/[locale]/[category]/[calculator].astro
/en/physics/escape-velocity/,en,calculator,true,/en/physics/escape-velocity/,calculator:escape-velocity,src/pages/[locale]/[category]/[calculator].astro
/en/math/factorial-calculator/,en,calculator,true,/en/math/factorial-calculator/,calculator:factorial,src/pages/[locale]/[category]/[calculator].astro
/en/business/marketplace-fee-calculator/,en,calculator,true,/en/business/marketplace-fee-calculator/,calculator:fee-chain,src/pages/[locale]/[category]/[calculator].astro
/en/home-improvement/fence/,en,calculator,true,/en/home-improvement/fence/,calculator:fence,src/pages/[locale]/[category]/[calculator].astro
/en/math/fibonacci-calculator/,en,calculator,true,/en/math/fibonacci-calculator/,calculator:fibonacci,src/pages/[locale]/[category]/[calculator].astro
/en/computers/files-on-disk-calculator/,en,calculator,true,/en/computers/files-on-disk-calculator/,calculator:files-on-disk,src/pages/[locale]/[category]/[calculator].astro
/en/education/final-grade-calculator/,en,calculator,true,/en/education/final-grade-calculator/,calculator:final-grade,src/pages/[locale]/[category]/[calculator].astro
/en/computers/fps-frame-time-calculator/,en,calculator,true,/en/computers/fps-frame-time-calculator/,calculator:fps-frametime,src/pages/[locale]/[category]/[calculator].astro
/en/math/fraction-calculator/,en,calculator,true,/en/math/fraction-calculator/,calculator:fraction-arith,src/pages/[locale]/[category]/[calculator].astro
/en/physics/free-fall/,en,calculator,true,/en/physics/free-fall/,calculator:free-fall,src/pages/[locale]/[category]/[calculator].astro
/en/finance/freelance-rate-calculator/,en,calculator,true,/en/finance/freelance-rate-calculator/,calculator:freelance-rate,src/pages/[locale]/[category]/[calculator].astro
/en/automotive/fuel-consumption-calculator/,en,calculator,true,/en/automotive/fuel-consumption-calculator/,calculator:fuel-consumption,src/pages/[locale]/[category]/[calculator].astro
/en/automotive/gas-oil-mix-ratio/,en,calculator,true,/en/automotive/gas-oil-mix-ratio/,calculator:fuel-oil-mix,src/pages/[locale]/[category]/[calculator].astro
/en/chemistry/combined-gas-law/,en,calculator,true,/en/chemistry/combined-gas-law/,calculator:gas-laws,src/pages/[locale]/[category]/[calculator].astro
/en/math/gcd-and-lcm-calculator/,en,calculator,true,/en/math/gcd-and-lcm-calculator/,calculator:gcd-lcm,src/pages/[locale]/[category]/[calculator].astro
/en/household/generator-fuel-calculator/,en,calculator,true,/en/household/generator-fuel-calculator/,calculator:generator-fuel,src/pages/[locale]/[category]/[calculator].astro
/en/geometry/annulus-calculator/,en,calculator,true,/en/geometry/annulus-calculator/,calculator:geom-annulus,src/pages/[locale]/[category]/[calculator].astro
/en/geometry/circle-calculator/,en,calculator,true,/en/geometry/circle-calculator/,calculator:geom-circle,src/pages/[locale]/[category]/[calculator].astro
/en/geometry/cone-calculator/,en,calculator,true,/en/geometry/cone-calculator/,calculator:geom-cone,src/pages/[locale]/[category]/[calculator].astro
/en/geometry/cube-calculator/,en,calculator,true,/en/geometry/cube-calculator/,calculator:geom-cube,src/pages/[locale]/[category]/[calculator].astro
/en/geometry/cuboid-calculator/,en,calculator,true,/en/geometry/cuboid-calculator/,calculator:geom-cuboid,src/pages/[locale]/[category]/[calculator].astro
/en/geometry/cylinder-calculator/,en,calculator,true,/en/geometry/cylinder-calculator/,calculator:geom-cylinder,src/pages/[locale]/[category]/[calculator].astro
/en/geometry/ellipse-calculator/,en,calculator,true,/en/geometry/ellipse-calculator/,calculator:geom-ellipse,src/pages/[locale]/[category]/[calculator].astro
/en/geometry/conical-frustum-calculator/,en,calculator,true,/en/geometry/conical-frustum-calculator/,calculator:geom-frustum,src/pages/[locale]/[category]/[calculator].astro
/en/geometry/parallelogram-calculator/,en,calculator,true,/en/geometry/parallelogram-calculator/,calculator:geom-parallelogram,src/pages/[locale]/[category]/[calculator].astro
/en/geometry/polygon-area-coordinates/,en,calculator,true,/en/geometry/polygon-area-coordinates/,calculator:geom-polygon-coords,src/pages/[locale]/[category]/[calculator].astro
/en/geometry/prism-calculator/,en,calculator,true,/en/geometry/prism-calculator/,calculator:geom-prism,src/pages/[locale]/[category]/[calculator].astro
/en/geometry/pyramid-calculator/,en,calculator,true,/en/geometry/pyramid-calculator/,calculator:geom-pyramid,src/pages/[locale]/[category]/[calculator].astro
/en/geometry/rectangle-calculator/,en,calculator,true,/en/geometry/rectangle-calculator/,calculator:geom-rectangle,src/pages/[locale]/[category]/[calculator].astro
/en/geometry/regular-polygon-calculator/,en,calculator,true,/en/geometry/regular-polygon-calculator/,calculator:geom-regular-polygon,src/pages/[locale]/[category]/[calculator].astro
/en/geometry/rhombus-calculator/,en,calculator,true,/en/geometry/rhombus-calculator/,calculator:geom-rhombus,src/pages/[locale]/[category]/[calculator].astro
/en/geometry/right-triangle-calculator/,en,calculator,true,/en/geometry/right-triangle-calculator/,calculator:geom-right-triangle,src/pages/[locale]/[category]/[calculator].astro
/en/geometry/sector-calculator/,en,calculator,true,/en/geometry/sector-calculator/,calculator:geom-sector,src/pages/[locale]/[category]/[calculator].astro
/en/geometry/sphere-calculator/,en,calculator,true,/en/geometry/sphere-calculator/,calculator:geom-sphere,src/pages/[locale]/[category]/[calculator].astro
/en/geometry/square-calculator/,en,calculator,true,/en/geometry/square-calculator/,calculator:geom-square,src/pages/[locale]/[category]/[calculator].astro
/en/geometry/trapezoid-calculator/,en,calculator,true,/en/geometry/trapezoid-calculator/,calculator:geom-trapezoid,src/pages/[locale]/[category]/[calculator].astro
/en/geometry/triangle-calculator/,en,calculator,true,/en/geometry/triangle-calculator/,calculator:geom-triangle,src/pages/[locale]/[category]/[calculator].astro
/en/math/geometric-progression/,en,calculator,true,/en/math/geometric-progression/,calculator:geometric-progression,src/pages/[locale]/[category]/[calculator].astro
/en/geometry/golden-ratio-calculator/,en,calculator,true,/en/geometry/golden-ratio-calculator/,calculator:golden-ratio,src/pages/[locale]/[category]/[calculator].astro
/en/education/gpa-calculator/,en,calculator,true,/en/education/gpa-calculator/,calculator:gpa,src/pages/[locale]/[category]/[calculator].astro
/en/physics/gravitational-force-calculator/,en,calculator,true,/en/physics/gravitational-force-calculator/,calculator:gravitational-force,src/pages/[locale]/[category]/[calculator].astro
/en/physics/half-life/,en,calculator,true,/en/physics/half-life/,calculator:half-life,src/pages/[locale]/[category]/[calculator].astro
/en/electronics/headphone-power/,en,calculator,true,/en/electronics/headphone-power/,calculator:headphone-power,src/pages/[locale]/[category]/[calculator].astro
/en/physics/heat-index/,en,calculator,true,/en/physics/heat-index/,calculator:heat-index,src/pages/[locale]/[category]/[calculator].astro
/en/household/heating-power-calculator/,en,calculator,true,/en/household/heating-power-calculator/,calculator:heating-power,src/pages/[locale]/[category]/[calculator].astro
/en/finance/home-equity-loan/,en,calculator,true,/en/finance/home-equity-loan/,calculator:home-equity,src/pages/[locale]/[category]/[calculator].astro
/en/physics/hookes-law/,en,calculator,true,/en/physics/hookes-law/,calculator:hooke-law,src/pages/[locale]/[category]/[calculator].astro
/en/physics/absolute-humidity/,en,calculator,true,/en/physics/absolute-humidity/,calculator:humidity-convert,src/pages/[locale]/[category]/[calculator].astro
/en/physics/hydrostatic-pressure-calculator/,en,calculator,true,/en/physics/hydrostatic-pressure-calculator/,calculator:hydrostatic-pressure,src/pages/[locale]/[category]/[calculator].astro
/en/chemistry/ideal-gas-law-calculator/,en,calculator,true,/en/chemistry/ideal-gas-law-calculator/,calculator:ideal-gas-law,src/pages/[locale]/[category]/[calculator].astro
/en/fitness/ideal-weight/,en,calculator,true,/en/fitness/ideal-weight/,calculator:ideal-weight,src/pages/[locale]/[category]/[calculator].astro
/en/physics/inclined-plane/,en,calculator,true,/en/physics/inclined-plane/,calculator:inclined-plane,src/pages/[locale]/[category]/[calculator].astro
/en/finance/inflation-calculator/,en,calculator,true,/en/finance/inflation-calculator/,calculator:inflation,src/pages/[locale]/[category]/[calculator].astro
/en/finance/installment-calculator/,en,calculator,true,/en/finance/installment-calculator/,calculator:installment,src/pages/[locale]/[category]/[calculator].astro
/en/home-improvement/insulation-calculator/,en,calculator,true,/en/home-improvement/insulation-calculator/,calculator:insulation,src/pages/[locale]/[category]/[calculator].astro
/en/computers/internet-data-usage-calculator/,en,calculator,true,/en/computers/internet-data-usage-calculator/,calculator:internet-traffic,src/pages/[locale]/[category]/[calculator].astro
/en/business/inventory-turnover-calculator/,en,calculator,true,/en/business/inventory-turnover-calculator/,calculator:inventory-turnover,src/pages/[locale]/[category]/[calculator].astro
/en/physics/inverse-square-law/,en,calculator,true,/en/physics/inverse-square-law/,calculator:inverse-square,src/pages/[locale]/[category]/[calculator].astro
/en/electronics/inverter-power-calculator/,en,calculator,true,/en/electronics/inverter-power-calculator/,calculator:inverter-power,src/pages/[locale]/[category]/[calculator].astro
/en/computers/ipv4-subnet-calculator/,en,calculator,true,/en/computers/ipv4-subnet-calculator/,calculator:ipv4-subnet,src/pages/[locale]/[category]/[calculator].astro
/en/physics/kinetic-energy-calculator/,en,calculator,true,/en/physics/kinetic-energy-calculator/,calculator:kinetic-energy,src/pages/[locale]/[category]/[calculator].astro
/en/electronics/kva-to-kw/,en,calculator,true,/en/electronics/kva-to-kw/,calculator:kva-kw,src/pages/[locale]/[category]/[calculator].astro
/en/electronics/lc-resonant-frequency/,en,calculator,true,/en/electronics/lc-resonant-frequency/,calculator:lc-resonance,src/pages/[locale]/[category]/[calculator].astro
/en/date-time/leap-year/,en,calculator,true,/en/date-time/leap-year/,calculator:leap-year,src/pages/[locale]/[category]/[calculator].astro
/en/finance/lease-payment/,en,calculator,true,/en/finance/lease-payment/,calculator:lease-payment,src/pages/[locale]/[category]/[calculator].astro
/en/electronics/led-resistor-calculator/,en,calculator,true,/en/electronics/led-resistor-calculator/,calculator:led-resistor,src/pages/[locale]/[category]/[calculator].astro
/en/physics/lever-mechanical-advantage/,en,calculator,true,/en/physics/lever-mechanical-advantage/,calculator:lever-moment,src/pages/[locale]/[category]/[calculator].astro
/en/finance/leverage-calculator/,en,calculator,true,/en/finance/leverage-calculator/,calculator:leverage,src/pages/[locale]/[category]/[calculator].astro
/en/household/room-lighting/,en,calculator,true,/en/household/room-lighting/,calculator:lighting,src/pages/[locale]/[category]/[calculator].astro
/en/math/linear-equation-calculator/,en,calculator,true,/en/math/linear-equation-calculator/,calculator:linear-equation,src/pages/[locale]/[category]/[calculator].astro
/en/math/linear-system-calculator/,en,calculator,true,/en/math/linear-system-calculator/,calculator:linear-system,src/pages/[locale]/[category]/[calculator].astro
/en/home-improvement/linoleum/,en,calculator,true,/en/home-improvement/linoleum/,calculator:linoleum,src/pages/[locale]/[category]/[calculator].astro
/en/math/logarithm-calculator/,en,calculator,true,/en/math/logarithm-calculator/,calculator:logarithm,src/pages/[locale]/[category]/[calculator].astro
/en/business/ltv-calculator/,en,calculator,true,/en/business/ltv-calculator/,calculator:ltv,src/pages/[locale]/[category]/[calculator].astro
/en/household/luggage-linear-inches/,en,calculator,true,/en/household/luggage-linear-inches/,calculator:luggage-linear,src/pages/[locale]/[category]/[calculator].astro
/en/physics/mach-number/,en,calculator,true,/en/physics/mach-number/,calculator:mach-number,src/pages/[locale]/[category]/[calculator].astro
/en/finance/market-cap-calculator/,en,calculator,true,/en/finance/market-cap-calculator/,calculator:market-cap,src/pages/[locale]/[category]/[calculator].astro
/en/physics/mass-energy-equivalence/,en,calculator,true,/en/physics/mass-energy-equivalence/,calculator:mass-energy,src/pages/[locale]/[category]/[calculator].astro
/en/fitness/maximum-heart-rate-calculator/,en,calculator,true,/en/fitness/maximum-heart-rate-calculator/,calculator:max-heart-rate,src/pages/[locale]/[category]/[calculator].astro
/en/finance/maximum-loan-calculator/,en,calculator,true,/en/finance/maximum-loan-calculator/,calculator:max-loan,src/pages/[locale]/[category]/[calculator].astro
/en/home-improvement/metal-weight/,en,calculator,true,/en/home-improvement/metal-weight/,calculator:metal-weight,src/pages/[locale]/[category]/[calculator].astro
/en/home-improvement/miter-angle/,en,calculator,true,/en/home-improvement/miter-angle/,calculator:miter-angle,src/pages/[locale]/[category]/[calculator].astro
/en/computers/modular-scale-calculator/,en,calculator,true,/en/computers/modular-scale-calculator/,calculator:modular-scale,src/pages/[locale]/[category]/[calculator].astro
/en/math/remainder-calculator/,en,calculator,true,/en/math/remainder-calculator/,calculator:modulo,src/pages/[locale]/[category]/[calculator].astro
/en/chemistry/molar-mass-calculator/,en,calculator,true,/en/chemistry/molar-mass-calculator/,calculator:molar-mass,src/pages/[locale]/[category]/[calculator].astro
/en/chemistry/molarity-calculator/,en,calculator,true,/en/chemistry/molarity-calculator/,calculator:molarity,src/pages/[locale]/[category]/[calculator].astro
/en/chemistry/moles-calculator/,en,calculator,true,/en/chemistry/moles-calculator/,calculator:moles,src/pages/[locale]/[category]/[calculator].astro
/en/physics/moment-of-inertia/,en,calculator,true,/en/physics/moment-of-inertia/,calculator:moment-of-inertia,src/pages/[locale]/[category]/[calculator].astro
/en/physics/momentum-calculator/,en,calculator,true,/en/physics/momentum-calculator/,calculator:momentum,src/pages/[locale]/[category]/[calculator].astro
/en/business/mrr-arr-calculator/,en,calculator,true,/en/business/mrr-arr-calculator/,calculator:mrr-arr,src/pages/[locale]/[category]/[calculator].astro
/en/electronics/ne555-astable-timer/,en,calculator,true,/en/electronics/ne555-astable-timer/,calculator:ne555-timer-astable,src/pages/[locale]/[category]/[calculator].astro
/en/computers/network-bandwidth-calculator/,en,calculator,true,/en/computers/network-bandwidth-calculator/,calculator:network-bandwidth,src/pages/[locale]/[category]/[calculator].astro
/en/physics/newtons-second-law-calculator/,en,calculator,true,/en/physics/newtons-second-law-calculator/,calculator:newton-force,src/pages/[locale]/[category]/[calculator].astro
/en/converters/lakh-crore-converter/,en,calculator,true,/en/converters/lakh-crore-converter/,calculator:number-scale-names,src/pages/[locale]/[category]/[calculator].astro
/en/converters/number-to-words/,en,calculator,true,/en/converters/number-to-words/,calculator:number-to-words,src/pages/[locale]/[category]/[calculator].astro
/en/electronics/ohms-law-calculator/,en,calculator,true,/en/electronics/ohms-law-calculator/,calculator:ohms-law,src/pages/[locale]/[category]/[calculator].astro
/en/physics/orbital-period/,en,calculator,true,/en/physics/orbital-period/,calculator:orbital-period,src/pages/[locale]/[category]/[calculator].astro
/en/finance/overtime-pay-calculator/,en,calculator,true,/en/finance/overtime-pay-calculator/,calculator:overtime,src/pages/[locale]/[category]/[calculator].astro
/en/converters/paper-weight-and-sheets/,en,calculator,true,/en/converters/paper-weight-and-sheets/,calculator:paper-quantity,src/pages/[locale]/[category]/[calculator].astro
/en/computers/password-entropy/,en,calculator,true,/en/computers/password-entropy/,calculator:password-entropy,src/pages/[locale]/[category]/[calculator].astro
/en/business/payback-period/,en,calculator,true,/en/business/payback-period/,calculator:payback-period,src/pages/[locale]/[category]/[calculator].astro
/en/physics/pendulum-period/,en,calculator,true,/en/physics/pendulum-period/,calculator:pendulum,src/pages/[locale]/[category]/[calculator].astro
/en/household/pet-age-calculator/,en,calculator,true,/en/household/pet-age-calculator/,calculator:pet-age,src/pages/[locale]/[category]/[calculator].astro
/en/household/pet-food-calculator/,en,calculator,true,/en/household/pet-food-calculator/,calculator:pet-food,src/pages/[locale]/[category]/[calculator].astro
/en/chemistry/ph-calculator/,en,calculator,true,/en/chemistry/ph-calculator/,calculator:ph-poh,src/pages/[locale]/[category]/[calculator].astro
/en/physics/photon-energy/,en,calculator,true,/en/physics/photon-energy/,calculator:photon-energy,src/pages/[locale]/[category]/[calculator].astro
/en/physics/mechanical-power-calculator/,en,calculator,true,/en/physics/mechanical-power-calculator/,calculator:physics-power,src/pages/[locale]/[category]/[calculator].astro
/en/physics/torque-calculator/,en,calculator,true,/en/physics/torque-calculator/,calculator:physics-torque,src/pages/[locale]/[category]/[calculator].astro
/en/household/picture-frame-mat/,en,calculator,true,/en/household/picture-frame-mat/,calculator:picture-frame-mat,src/pages/[locale]/[category]/[calculator].astro
/en/home-improvement/pile-foundation/,en,calculator,true,/en/home-improvement/pile-foundation/,calculator:pile-foundation,src/pages/[locale]/[category]/[calculator].astro
/en/physics/pipe-flow-velocity/,en,calculator,true,/en/physics/pipe-flow-velocity/,calculator:pipe-flow,src/pages/[locale]/[category]/[calculator].astro
/en/home-improvement/pipe-weight/,en,calculator,true,/en/home-improvement/pipe-weight/,calculator:pipe-weight,src/pages/[locale]/[category]/[calculator].astro
/en/home-improvement/plaster-calculator/,en,calculator,true,/en/home-improvement/plaster-calculator/,calculator:plaster,src/pages/[locale]/[category]/[calculator].astro
/en/household/pool-fill-time-calculator/,en,calculator,true,/en/household/pool-fill-time-calculator/,calculator:pool-fill-time,src/pages/[locale]/[category]/[calculator].astro
/en/finance/position-size-calculator/,en,calculator,true,/en/finance/position-size-calculator/,calculator:position-size,src/pages/[locale]/[category]/[calculator].astro
/en/physics/potential-energy-calculator/,en,calculator,true,/en/physics/potential-energy-calculator/,calculator:potential-energy,src/pages/[locale]/[category]/[calculator].astro
/en/math/power-and-root-calculator/,en,calculator,true,/en/math/power-and-root-calculator/,calculator:power-root,src/pages/[locale]/[category]/[calculator].astro
/en/automotive/power-to-weight-calculator/,en,calculator,true,/en/automotive/power-to-weight-calculator/,calculator:power-to-weight,src/pages/[locale]/[category]/[calculator].astro
/en/computers/ppi-calculator/,en,calculator,true,/en/computers/ppi-calculator/,calculator:ppi-dpi,src/pages/[locale]/[category]/[calculator].astro
/en/physics/pressure-calculator/,en,calculator,true,/en/physics/pressure-calculator/,calculator:pressure,src/pages/[locale]/[category]/[calculator].astro
/en/household/price-per-unit-calculator/,en,calculator,true,/en/household/price-per-unit-calculator/,calculator:price-per-unit,src/pages/[locale]/[category]/[calculator].astro
/en/math/prime-factorisation/,en,calculator,true,/en/math/prime-factorisation/,calculator:prime-factorization,src/pages/[locale]/[category]/[calculator].astro
/en/household/3d-printing-cost-calculator/,en,calculator,true,/en/household/3d-printing-cost-calculator/,calculator:print-3d-cost,src/pages/[locale]/[category]/[calculator].astro
/en/math/probability-calculator/,en,calculator,true,/en/math/probability-calculator/,calculator:probability-basic,src/pages/[locale]/[category]/[calculator].astro
/en/business/profit-margin-markup-calculator/,en,calculator,true,/en/business/profit-margin-markup-calculator/,calculator:profit,src/pages/[locale]/[category]/[calculator].astro
/en/physics/projectile-motion/,en,calculator,true,/en/physics/projectile-motion/,calculator:projectile-motion,src/pages/[locale]/[category]/[calculator].astro
/en/math/proportion-calculator/,en,calculator,true,/en/math/proportion-calculator/,calculator:proportion,src/pages/[locale]/[category]/[calculator].astro
/en/geometry/pyramid-frustum/,en,calculator,true,/en/geometry/pyramid-frustum/,calculator:pyramid-frustum,src/pages/[locale]/[category]/[calculator].astro
/en/math/quadratic-equation/,en,calculator,true,/en/math/quadratic-equation/,calculator:quadratic-equation,src/pages/[locale]/[category]/[calculator].astro
/en/automotive/quarter-mile-time/,en,calculator,true,/en/automotive/quarter-mile-time/,calculator:quarter-mile-elapsed-time,src/pages/[locale]/[category]/[calculator].astro
/en/math/quartile/,en,calculator,true,/en/math/quartile/,calculator:quartile,src/pages/[locale]/[category]/[calculator].astro
/en/home-improvement/rafter-length-calculator/,en,calculator,true,/en/home-improvement/rafter-length-calculator/,calculator:rafters,src/pages/[locale]/[category]/[calculator].astro
/en/computers/raid-calculator/,en,calculator,true,/en/computers/raid-calculator/,calculator:raid,src/pages/[locale]/[category]/[calculator].astro
/en/household/rainwater-harvesting/,en,calculator,true,/en/household/rainwater-harvesting/,calculator:rainfall-volume,src/pages/[locale]/[category]/[calculator].astro
/en/math/ratio-calculator/,en,calculator,true,/en/math/ratio-calculator/,calculator:ratio,src/pages/[locale]/[category]/[calculator].astro
/en/electronics/rc-filter-cutoff/,en,calculator,true,/en/electronics/rc-filter-cutoff/,calculator:rc-filter,src/pages/[locale]/[category]/[calculator].astro
/en/education/reading-speed-calculator/,en,calculator,true,/en/education/reading-speed-calculator/,calculator:reading-speed,src/pages/[locale]/[category]/[calculator].astro
/en/finance/real-return-calculator/,en,calculator,true,/en/finance/real-return-calculator/,calculator:real-return,src/pages/[locale]/[category]/[calculator].astro
/en/household/recipe-cost-calculator/,en,calculator,true,/en/household/recipe-cost-calculator/,calculator:recipe-cost,src/pages/[locale]/[category]/[calculator].astro
/en/household/recipe-scaling-calculator/,en,calculator,true,/en/household/recipe-scaling-calculator/,calculator:recipe-scale,src/pages/[locale]/[category]/[calculator].astro
/en/finance/refinancing/,en,calculator,true,/en/finance/refinancing/,calculator:refinancing,src/pages/[locale]/[category]/[calculator].astro
/en/physics/time-dilation/,en,calculator,true,/en/physics/time-dilation/,calculator:relativity-dilation,src/pages/[locale]/[category]/[calculator].astro
/en/finance/rental-yield-calculator/,en,calculator,true,/en/finance/rental-yield-calculator/,calculator:rental-yield,src/pages/[locale]/[category]/[calculator].astro
/en/electronics/resistor-color-code/,en,calculator,true,/en/electronics/resistor-color-code/,calculator:resistor-color,src/pages/[locale]/[category]/[calculator].astro
/en/electronics/resistor-network-calculator/,en,calculator,true,/en/electronics/resistor-network-calculator/,calculator:resistor-network,src/pages/[locale]/[category]/[calculator].astro
/en/business/return-rate/,en,calculator,true,/en/business/return-rate/,calculator:return-rate,src/pages/[locale]/[category]/[calculator].astro
/en/business/revenue-per-employee/,en,calculator,true,/en/business/revenue-per-employee/,calculator:revenue-per-employee,src/pages/[locale]/[category]/[calculator].astro
/en/finance/risk-reward-ratio-calculator/,en,calculator,true,/en/finance/risk-reward-ratio-calculator/,calculator:risk-reward,src/pages/[locale]/[category]/[calculator].astro
/en/electronics/rms-voltage/,en,calculator,true,/en/electronics/rms-voltage/,calculator:rms-voltage,src/pages/[locale]/[category]/[calculator].astro
/en/business/roas-calculator/,en,calculator,true,/en/business/roas-calculator/,calculator:roas,src/pages/[locale]/[category]/[calculator].astro
/en/household/roasting-time/,en,calculator,true,/en/household/roasting-time/,calculator:roast-time,src/pages/[locale]/[category]/[calculator].astro
/en/finance/roi-calculator/,en,calculator,true,/en/finance/roi-calculator/,calculator:roi,src/pages/[locale]/[category]/[calculator].astro
/en/math/roman-numerals/,en,calculator,true,/en/math/roman-numerals/,calculator:roman-numerals,src/pages/[locale]/[category]/[calculator].astro
/en/home-improvement/roof-area-calculator/,en,calculator,true,/en/home-improvement/roof-area-calculator/,calculator:roof-area,src/pages/[locale]/[category]/[calculator].astro
/en/home-improvement/roof-battens/,en,calculator,true,/en/home-improvement/roof-battens/,calculator:roof-battens,src/pages/[locale]/[category]/[calculator].astro
/en/home-improvement/room-volume-calculator/,en,calculator,true,/en/home-improvement/room-volume-calculator/,calculator:room-volume,src/pages/[locale]/[category]/[calculator].astro
/en/math/rounding-calculator/,en,calculator,true,/en/math/rounding-calculator/,calculator:rounding,src/pages/[locale]/[category]/[calculator].astro
/en/finance/rule-of-72-calculator/,en,calculator,true,/en/finance/rule-of-72-calculator/,calculator:rule-of-72,src/pages/[locale]/[category]/[calculator].astro
/en/finance/salary-period-converter/,en,calculator,true,/en/finance/salary-period-converter/,calculator:salary-convert,src/pages/[locale]/[category]/[calculator].astro
/en/finance/salary-raise-calculator/,en,calculator,true,/en/finance/salary-raise-calculator/,calculator:salary-raise,src/pages/[locale]/[category]/[calculator].astro
/en/math/sample-size/,en,calculator,true,/en/math/sample-size/,calculator:sample-size,src/pages/[locale]/[category]/[calculator].astro
/en/finance/savings-goal/,en,calculator,true,/en/finance/savings-goal/,calculator:savings-goal,src/pages/[locale]/[category]/[calculator].astro
/en/finance/savings-rate-calculator/,en,calculator,true,/en/finance/savings-rate-calculator/,calculator:savings-rate,src/pages/[locale]/[category]/[calculator].astro
/en/converters/scale-model-converter/,en,calculator,true,/en/converters/scale-model-converter/,calculator:scale-model,src/pages/[locale]/[category]/[calculator].astro
/en/home-improvement/sealant-volume/,en,calculator,true,/en/home-improvement/sealant-volume/,calculator:sealant-volume,src/pages/[locale]/[category]/[calculator].astro
/en/business/shipping-per-unit/,en,calculator,true,/en/business/shipping-per-unit/,calculator:shipping-per-unit,src/pages/[locale]/[category]/[calculator].astro
/en/finance/simple-interest/,en,calculator,true,/en/finance/simple-interest/,calculator:simple-interest,src/pages/[locale]/[category]/[calculator].astro
/en/electronics/single-phase-power-calculator/,en,calculator,true,/en/electronics/single-phase-power-calculator/,calculator:single-phase,src/pages/[locale]/[category]/[calculator].astro
/en/home-improvement/skirting-board/,en,calculator,true,/en/home-improvement/skirting-board/,calculator:skirting,src/pages/[locale]/[category]/[calculator].astro
/en/home-improvement/slab-foundation/,en,calculator,true,/en/home-improvement/slab-foundation/,calculator:slab-foundation,src/pages/[locale]/[category]/[calculator].astro
/en/date-time/sleep-time-calculator/,en,calculator,true,/en/date-time/sleep-time-calculator/,calculator:sleep-time,src/pages/[locale]/[category]/[calculator].astro
/en/geometry/slope-calculator/,en,calculator,true,/en/geometry/slope-calculator/,calculator:slope,src/pages/[locale]/[category]/[calculator].astro
/en/chemistry/solution-concentration-calculator/,en,calculator,true,/en/chemistry/solution-concentration-calculator/,calculator:solution-concentration,src/pages/[locale]/[category]/[calculator].astro
/en/physics/specific-heat/,en,calculator,true,/en/physics/specific-heat/,calculator:specific-heat,src/pages/[locale]/[category]/[calculator].astro
/en/automotive/speed-distance-time-calculator/,en,calculator,true,/en/automotive/speed-distance-time-calculator/,calculator:speed-distance-time,src/pages/[locale]/[category]/[calculator].astro
/en/physics/speed-of-sound/,en,calculator,true,/en/physics/speed-of-sound/,calculator:speed-of-sound,src/pages/[locale]/[category]/[calculator].astro
/en/home-improvement/stair-rise-run/,en,calculator,true,/en/home-improvement/stair-rise-run/,calculator:stairs,src/pages/[locale]/[category]/[calculator].astro
/en/math/descriptive-statistics-calculator/,en,calculator,true,/en/math/descriptive-statistics-calculator/,calculator:stats-descriptive,src/pages/[locale]/[category]/[calculator].astro
/en/fitness/steps-to-distance/,en,calculator,true,/en/fitness/steps-to-distance/,calculator:steps-distance-calories,src/pages/[locale]/[category]/[calculator].astro
/en/household/stock-duration-calculator/,en,calculator,true,/en/household/stock-duration-calculator/,calculator:stock-duration,src/pages/[locale]/[category]/[calculator].astro
/en/automotive/stopping-distance/,en,calculator,true,/en/automotive/stopping-distance/,calculator:stopping-distance,src/pages/[locale]/[category]/[calculator].astro
/en/physics/stress-strain/,en,calculator,true,/en/physics/stress-strain/,calculator:stress-strain,src/pages/[locale]/[category]/[calculator].astro
/en/home-improvement/strip-foundation-calculator/,en,calculator,true,/en/home-improvement/strip-foundation-calculator/,calculator:strip-foundation,src/pages/[locale]/[category]/[calculator].astro
/en/household/subscriptions-cost/,en,calculator,true,/en/household/subscriptions-cost/,calculator:subscriptions-cost,src/pages/[locale]/[category]/[calculator].astro
/en/home-improvement/tank-volume/,en,calculator,true,/en/home-improvement/tank-volume/,calculator:tank-volume,src/pages/[locale]/[category]/[calculator].astro
/en/physics/terminal-velocity/,en,calculator,true,/en/physics/terminal-velocity/,calculator:terminal-velocity,src/pages/[locale]/[category]/[calculator].astro
/en/education/test-score-percentage-calculator/,en,calculator,true,/en/education/test-score-percentage-calculator/,calculator:test-score-percent,src/pages/[locale]/[category]/[calculator].astro
/en/education/reading-time-calculator/,en,calculator,true,/en/education/reading-time-calculator/,calculator:text-reading-time,src/pages/[locale]/[category]/[calculator].astro
/en/computers/word-and-character-counter/,en,calculator,true,/en/computers/word-and-character-counter/,calculator:text-word-char-count,src/pages/[locale]/[category]/[calculator].astro
/en/physics/thermal-conduction-layer/,en,calculator,true,/en/physics/thermal-conduction-layer/,calculator:thermal-conduction,src/pages/[locale]/[category]/[calculator].astro
/en/physics/thin-lens/,en,calculator,true,/en/physics/thin-lens/,calculator:thin-lens,src/pages/[locale]/[category]/[calculator].astro
/en/date-time/time-duration-calculator/,en,calculator,true,/en/date-time/time-duration-calculator/,calculator:time-duration,src/pages/[locale]/[category]/[calculator].astro
/en/finance/time-value-of-money-calculator/,en,calculator,true,/en/finance/time-value-of-money-calculator/,calculator:time-value-money,src/pages/[locale]/[category]/[calculator].astro
/en/business/weekly-timesheet/,en,calculator,true,/en/business/weekly-timesheet/,calculator:timesheet-week,src/pages/[locale]/[category]/[calculator].astro
/en/date-time/time-zone-difference-calculator/,en,calculator,true,/en/date-time/time-zone-difference-calculator/,calculator:timezone-difference,src/pages/[locale]/[category]/[calculator].astro
/en/household/tip-calculator/,en,calculator,true,/en/household/tip-calculator/,calculator:tip,src/pages/[locale]/[category]/[calculator].astro
/en/automotive/tire-size-calculator/,en,calculator,true,/en/automotive/tire-size-calculator/,calculator:tire-size,src/pages/[locale]/[category]/[calculator].astro
/en/electronics/transformer-turns-ratio/,en,calculator,true,/en/electronics/transformer-turns-ratio/,calculator:transformer-ratio,src/pages/[locale]/[category]/[calculator].astro
/en/household/trip-budget-calculator/,en,calculator,true,/en/household/trip-budget-calculator/,calculator:trip-budget,src/pages/[locale]/[category]/[calculator].astro
/en/automotive/trip-cost-calculator/,en,calculator,true,/en/automotive/trip-cost-calculator/,calculator:trip-cost,src/pages/[locale]/[category]/[calculator].astro
/en/computers/tv-viewing-distance/,en,calculator,true,/en/computers/tv-viewing-distance/,calculator:tv-monitor-viewing-distance,src/pages/[locale]/[category]/[calculator].astro
/en/home-improvement/underfloor-heating/,en,calculator,true,/en/home-improvement/underfloor-heating/,calculator:underfloor-heating,src/pages/[locale]/[category]/[calculator].astro
/en/computers/unix-timestamp-converter/,en,calculator,true,/en/computers/unix-timestamp-converter/,calculator:unix-timestamp,src/pages/[locale]/[category]/[calculator].astro
/en/household/utility-bills/,en,calculator,true,/en/household/utility-bills/,calculator:utility-total,src/pages/[locale]/[category]/[calculator].astro
/en/finance/vacation-accrual-calculator/,en,calculator,true,/en/finance/vacation-accrual-calculator/,calculator:vacation-accrual,src/pages/[locale]/[category]/[calculator].astro
/en/computers/video-file-size-calculator/,en,calculator,true,/en/computers/video-file-size-calculator/,calculator:video-file-size,src/pages/[locale]/[category]/[calculator].astro
/en/fitness/vo2-max-calculator/,en,calculator,true,/en/fitness/vo2-max-calculator/,calculator:vo2max,src/pages/[locale]/[category]/[calculator].astro
/en/electronics/voltage-divider/,en,calculator,true,/en/electronics/voltage-divider/,calculator:voltage-divider,src/pages/[locale]/[category]/[calculator].astro
/en/electronics/voltage-drop/,en,calculator,true,/en/electronics/voltage-drop/,calculator:voltage-drop,src/pages/[locale]/[category]/[calculator].astro
/en/fitness/waist-ratio/,en,calculator,true,/en/fitness/waist-ratio/,calculator:waist-ratio,src/pages/[locale]/[category]/[calculator].astro
/en/household/water-heating-time/,en,calculator,true,/en/household/water-heating-time/,calculator:water-heating,src/pages/[locale]/[category]/[calculator].astro
/en/fitness/water-intake-calculator/,en,calculator,true,/en/fitness/water-intake-calculator/,calculator:water-intake,src/pages/[locale]/[category]/[calculator].astro
/en/physics/wave-frequency-calculator/,en,calculator,true,/en/physics/wave-frequency-calculator/,calculator:wave,src/pages/[locale]/[category]/[calculator].astro
/en/date-time/week-number-calculator/,en,calculator,true,/en/date-time/week-number-calculator/,calculator:week-number,src/pages/[locale]/[category]/[calculator].astro
/en/math/weighted-average-calculator/,en,calculator,true,/en/math/weighted-average-calculator/,calculator:weighted-mean,src/pages/[locale]/[category]/[calculator].astro
/en/automotive/wheel-offset/,en,calculator,true,/en/automotive/wheel-offset/,calculator:wheel-offset,src/pages/[locale]/[category]/[calculator].astro
/en/physics/wind-chill/,en,calculator,true,/en/physics/wind-chill/,calculator:wind-chill,src/pages/[locale]/[category]/[calculator].astro
/en/physics/wind-power/,en,calculator,true,/en/physics/wind-power/,calculator:wind-power,src/pages/[locale]/[category]/[calculator].astro
/en/home-improvement/wood-weight/,en,calculator,true,/en/home-improvement/wood-weight/,calculator:wood-weight,src/pages/[locale]/[category]/[calculator].astro
/en/physics/work-physics-calculator/,en,calculator,true,/en/physics/work-physics-calculator/,calculator:work,src/pages/[locale]/[category]/[calculator].astro
/en/date-time/work-hours-calculator/,en,calculator,true,/en/date-time/work-hours-calculator/,calculator:work-hours,src/pages/[locale]/[category]/[calculator].astro
/en/finance/workday-cost-calculator/,en,calculator,true,/en/finance/workday-cost-calculator/,calculator:workday-cost,src/pages/[locale]/[category]/[calculator].astro
/en/household/yeast-converter/,en,calculator,true,/en/household/yeast-converter/,calculator:yeast-convert,src/pages/[locale]/[category]/[calculator].astro
/en/math/z-score-calculator/,en,calculator,true,/en/math/z-score-calculator/,calculator:z-score,src/pages/[locale]/[category]/[calculator].astro
/uk/,uk,home,true,/uk/,home,src/pages/[locale]/index.astro
/uk/calculators/,uk,catalog,true,/uk/calculators/,catalog,src/pages/[locale]/calculators.astro
/uk/calculators/page/2/,uk,catalog,true,/uk/calculators/page/2/,catalog-page-2,src/pages/[locale]/calculators/page/[page].astro
/uk/calculators/page/3/,uk,catalog,true,/uk/calculators/page/3/,catalog-page-3,src/pages/[locale]/calculators/page/[page].astro
/uk/calculators/?tag=*,uk,facet,false,/uk/calculators/,none,functions/[locale]/calculators.js
/uk/calculators/?category=*,uk,facet,false,/uk/calculators/,none,functions/[locale]/calculators.js
/uk/calculators/?sort=*,uk,facet,false,/uk/calculators/,none,functions/[locale]/calculators.js
/uk/calculators/?q=*,uk,facet,false,/uk/calculators/,none,functions/[locale]/calculators.js
/uk/about/,uk,service,true,/uk/about/,about,src/pages/[locale]/about.astro
/uk/contacts/,uk,service,true,/uk/contacts/,contacts,src/pages/[locale]/contacts.astro
/uk/privacy/,uk,service,true,/uk/privacy/,privacy,src/pages/[locale]/privacy.astro
/uk/finansy/,uk,category,true,/uk/finansy/,category:finance,src/pages/[locale]/[category]/index.astro
/uk/valyuty/,uk,category,true,/uk/valyuty/,category:currency,src/pages/[locale]/[category]/index.astro
/uk/fitness/,uk,category,true,/uk/fitness/,category:sport,src/pages/[locale]/[category]/index.astro
/uk/remont/,uk,category,true,/uk/remont/,category:building,src/pages/[locale]/[category]/index.astro
/uk/daty/,uk,category,true,/uk/daty/,category:date-time,src/pages/[locale]/[category]/index.astro
/uk/math/,uk,category,true,/uk/math/,category:math,src/pages/[locale]/[category]/index.astro
/uk/business/,uk,category,true,/uk/business/,category:business,src/pages/[locale]/[category]/index.astro
/uk/konvertery/,uk,category,true,/uk/konvertery/,category:converters,src/pages/[locale]/[category]/index.astro
/uk/elektronika/,uk,category,true,/uk/elektronika/,category:electronics,src/pages/[locale]/[category]/index.astro
/uk/kompyutery/,uk,category,true,/uk/kompyutery/,category:computers,src/pages/[locale]/[category]/index.astro
/uk/navchannya/,uk,category,true,/uk/navchannya/,category:education,src/pages/[locale]/[category]/index.astro
/uk/avtomobili/,uk,category,true,/uk/avtomobili/,category:automotive,src/pages/[locale]/[category]/index.astro
/uk/pobut/,uk,category,true,/uk/pobut/,category:household,src/pages/[locale]/[category]/index.astro
/uk/heometriya/,uk,category,true,/uk/heometriya/,category:geometry,src/pages/[locale]/[category]/index.astro
/uk/fizyka/,uk,category,true,/uk/fizyka/,category:physics,src/pages/[locale]/[category]/index.astro
/uk/himiya/,uk,category,true,/uk/himiya/,category:chemistry,src/pages/[locale]/[category]/index.astro
/uk/finansy/kalkulyator-kredytu/,uk,calculator,true,/uk/finansy/kalkulyator-kredytu/,calculator:credit-calculator,src/pages/[locale]/[category]/[calculator].astro
/uk/finansy/kalkulyator-skladnyh-vidsotkiv/,uk,calculator,true,/uk/finansy/kalkulyator-skladnyh-vidsotkiv/,calculator:compound-interest,src/pages/[locale]/[category]/[calculator].astro
/uk/finansy/ipotechnyi-kalkulyator/,uk,calculator,true,/uk/finansy/ipotechnyi-kalkulyator/,calculator:mortgage-calculator,src/pages/[locale]/[category]/[calculator].astro
/uk/finansy/kalkulyator-vidsotkiv/,uk,calculator,true,/uk/finansy/kalkulyator-vidsotkiv/,calculator:percent-calculator,src/pages/[locale]/[category]/[calculator].astro
/uk/finansy/kalkulyator-znyzhky/,uk,calculator,true,/uk/finansy/kalkulyator-znyzhky/,calculator:discount-calculator,src/pages/[locale]/[category]/[calculator].astro
/uk/finansy/kalkulyator-marzhi/,uk,calculator,true,/uk/finansy/kalkulyator-marzhi/,calculator:margin-calculator,src/pages/[locale]/[category]/[calculator].astro
/uk/finansy/kalkulyator-bezzbytkovosti/,uk,calculator,true,/uk/finansy/kalkulyator-bezzbytkovosti/,calculator:break-even-calculator,src/pages/[locale]/[category]/[calculator].astro
/uk/valyuty/konverter-valyut/,uk,calculator,true,/uk/valyuty/konverter-valyut/,calculator:currency-converter,src/pages/[locale]/[category]/[calculator].astro
/uk/valyuty/usd-v-eur/,uk,calculator,true,/uk/valyuty/usd-v-eur/,calculator:usd-to-eur,src/pages/[locale]/[category]/[calculator].astro
/uk/valyuty/eur-v-mdl/,uk,calculator,true,/uk/valyuty/eur-v-mdl/,calculator:eur-to-mdl,src/pages/[locale]/[category]/[calculator].astro
/uk/valyuty/usd-v-mdl/,uk,calculator,true,/uk/valyuty/usd-v-mdl/,calculator:usd-to-mdl,src/pages/[locale]/[category]/[calculator].astro
/uk/fitness/kalkulyator-bmi/,uk,calculator,true,/uk/fitness/kalkulyator-bmi/,calculator:bmi-calculator,src/pages/[locale]/[category]/[calculator].astro
/uk/fitness/kalkulyator-kaloriy/,uk,calculator,true,/uk/fitness/kalkulyator-kaloriy/,calculator:calorie-calculator,src/pages/[locale]/[category]/[calculator].astro
/uk/fitness/kalkulyator-vidsotka-zhyru/,uk,calculator,true,/uk/fitness/kalkulyator-vidsotka-zhyru/,calculator:body-fat-calculator,src/pages/[locale]/[category]/[calculator].astro
/uk/fitness/kalkulyator-tempu-bigu/,uk,calculator,true,/uk/fitness/kalkulyator-tempu-bigu/,calculator:running-pace-calculator,src/pages/[locale]/[category]/[calculator].astro
/uk/fitness/kalkulyator-1rm/,uk,calculator,true,/uk/fitness/kalkulyator-1rm/,calculator:one-rep-max-calculator,src/pages/[locale]/[category]/[calculator].astro
/uk/remont/kalkulyator-plytky/,uk,calculator,true,/uk/remont/kalkulyator-plytky/,calculator:tile-calculator,src/pages/[locale]/[category]/[calculator].astro
/uk/remont/kalkulyator-shpaler/,uk,calculator,true,/uk/remont/kalkulyator-shpaler/,calculator:wallpaper-calculator,src/pages/[locale]/[category]/[calculator].astro
/uk/remont/kalkulyator-farby/,uk,calculator,true,/uk/remont/kalkulyator-farby/,calculator:paint-calculator,src/pages/[locale]/[category]/[calculator].astro
/uk/remont/kalkulyator-laminatu/,uk,calculator,true,/uk/remont/kalkulyator-laminatu/,calculator:laminate-calculator,src/pages/[locale]/[category]/[calculator].astro
/uk/remont/kalkulyator-styazhky/,uk,calculator,true,/uk/remont/kalkulyator-styazhky/,calculator:screed-calculator,src/pages/[locale]/[category]/[calculator].astro
/uk/remont/kalkulyator-tsehly/,uk,calculator,true,/uk/remont/kalkulyator-tsehly/,calculator:brick-calculator,src/pages/[locale]/[category]/[calculator].astro
/uk/daty/kalkulyator-viku/,uk,calculator,true,/uk/daty/kalkulyator-viku/,calculator:age-calculator,src/pages/[locale]/[category]/[calculator].astro
/uk/daty/kalkulyator-robochyh-dniv/,uk,calculator,true,/uk/daty/kalkulyator-robochyh-dniv/,calculator:working-days-calculator,src/pages/[locale]/[category]/[calculator].astro
/uk/daty/kalkulyator-dat/,uk,calculator,true,/uk/daty/kalkulyator-dat/,calculator:date-shift-calculator,src/pages/[locale]/[category]/[calculator].astro
/uk/pobut/mitsnist-za-shchilnistyu/,uk,calculator,true,/uk/pobut/mitsnist-za-shchilnistyu/,calculator:abv-alcohol,src/pages/[locale]/[category]/[calculator].astro
/uk/fizyka/pryskorennya/,uk,calculator,true,/uk/fizyka/pryskorennya/,calculator:acceleration,src/pages/[locale]/[category]/[calculator].astro
/uk/fitness/kalorii-pry-aktyvnosti/,uk,calculator,true,/uk/fitness/kalorii-pry-aktyvnosti/,calculator:activity-calories,src/pages/[locale]/[category]/[calculator].astro
/uk/business/reklamnyy-byudzhet/,uk,calculator,true,/uk/business/reklamnyy-byudzhet/,calculator:ad-budget-funnel,src/pages/[locale]/[category]/[calculator].astro
/uk/business/roi-reklamy/,uk,calculator,true,/uk/business/roi-reklamy/,calculator:ad-roi,src/pages/[locale]/[category]/[calculator].astro
/uk/fizyka/shchilnist-povitrya/,uk,calculator,true,/uk/fizyka/shchilnist-povitrya/,calculator:air-density,src/pages/[locale]/[category]/[calculator].astro
/uk/remont/kratnist-povitroobminu/,uk,calculator,true,/uk/remont/kratnist-povitroobminu/,calculator:air-exchange,src/pages/[locale]/[category]/[calculator].astro
/uk/fizyka/tysk-na-vysoti/,uk,calculator,true,/uk/fizyka/tysk-na-vysoti/,calculator:air-pressure-at-altitude,src/pages/[locale]/[category]/[calculator].astro
/uk/pobut/odynyci-alkoholyu/,uk,calculator,true,/uk/pobut/odynyci-alkoholyu/,calculator:alcohol-units,src/pages/[locale]/[category]/[calculator].astro
/uk/finansy/anuitet/,uk,calculator,true,/uk/finansy/anuitet/,calculator:annuity,src/pages/[locale]/[category]/[calculator].astro
/uk/business/serednii-chek/,uk,calculator,true,/uk/business/serednii-chek/,calculator:aov,src/pages/[locale]/[category]/[calculator].astro
/uk/finansy/apr-apy/,uk,calculator,true,/uk/finansy/apr-apy/,calculator:apr-apy,src/pages/[locale]/[category]/[calculator].astro
/uk/pobut/pidmina-vody-akvarium/,uk,calculator,true,/uk/pobut/pidmina-vody-akvarium/,calculator:aquarium-water-change,src/pages/[locale]/[category]/[calculator].astro
/uk/math/aryfmetychna-progresiya/,uk,calculator,true,/uk/math/aryfmetychna-progresiya/,calculator:arithmetic-progression,src/pages/[locale]/[category]/[calculator].astro
/uk/business/arpu-arppu/,uk,calculator,true,/uk/business/arpu-arppu/,calculator:arpu-arppu,src/pages/[locale]/[category]/[calculator].astro
/uk/kompyutery/spivvidnoshennya-storin/,uk,calculator,true,/uk/kompyutery/spivvidnoshennya-storin/,calculator:aspect-ratio,src/pages/[locale]/[category]/[calculator].astro
/uk/business/zrostannya-audytorii/,uk,calculator,true,/uk/business/zrostannya-audytorii/,calculator:audience-growth,src/pages/[locale]/[category]/[calculator].astro
/uk/pobut/pekarski-vidsotky/,uk,calculator,true,/uk/pobut/pekarski-vidsotky/,calculator:bakers-percentage,src/pages/[locale]/[category]/[calculator].astro
/uk/remont/krok-balyasyn/,uk,calculator,true,/uk/remont/krok-balyasyn/,calculator:baluster-spacing,src/pages/[locale]/[category]/[calculator].astro
/uk/fitness/blyny-na-shtangu/,uk,calculator,true,/uk/fitness/blyny-na-shtangu/,calculator:barbell-plates,src/pages/[locale]/[category]/[calculator].astro
/uk/elektronika/chas-zaryadzhannya/,uk,calculator,true,/uk/elektronika/chas-zaryadzhannya/,calculator:battery-charge-time,src/pages/[locale]/[category]/[calculator].astro
/uk/elektronika/chas-roboty-akumulyatora/,uk,calculator,true,/uk/elektronika/chas-roboty-akumulyatora/,calculator:battery-runtime,src/pages/[locale]/[category]/[calculator].astro
/uk/elektronika/batareyi-zednannya/,uk,calculator,true,/uk/elektronika/batareyi-zednannya/,calculator:battery-series-parallel,src/pages/[locale]/[category]/[calculator].astro
/uk/remont/progyn-balky/,uk,calculator,true,/uk/remont/progyn-balky/,calculator:beam-deflection,src/pages/[locale]/[category]/[calculator].astro
/uk/remont/napruha-zgynu-balky/,uk,calculator,true,/uk/remont/napruha-zgynu-balky/,calculator:beam-stress,src/pages/[locale]/[category]/[calculator].astro
/uk/heometriya/dovzhyna-remenya/,uk,calculator,true,/uk/heometriya/dovzhyna-remenya/,calculator:belt-length,src/pages/[locale]/[category]/[calculator].astro
/uk/fizyka/rivnyannya-bernulli/,uk,calculator,true,/uk/fizyka/rivnyannya-bernulli/,calculator:bernoulli,src/pages/[locale]/[category]/[calculator].astro
/uk/fitness/velosypedna-peredacha/,uk,calculator,true,/uk/fitness/velosypedna-peredacha/,calculator:bike-gear-ratio,src/pages/[locale]/[category]/[calculator].astro
/uk/fitness/rozmir-velokolesa/,uk,calculator,true,/uk/fitness/rozmir-velokolesa/,calculator:bike-wheel-size,src/pages/[locale]/[category]/[calculator].astro
/uk/math/binomialna-ymovirnist/,uk,calculator,true,/uk/math/binomialna-ymovirnist/,calculator:binomial-probability,src/pages/[locale]/[category]/[calculator].astro
/uk/remont/kubatura-doshok/,uk,calculator,true,/uk/remont/kubatura-doshok/,calculator:board-volume,src/pages/[locale]/[category]/[calculator].astro
/uk/fizyka/temperatura-kypinnya/,uk,calculator,true,/uk/fizyka/temperatura-kypinnya/,calculator:boiling-point,src/pages/[locale]/[category]/[calculator].astro
/uk/finansy/premiya/,uk,calculator,true,/uk/finansy/premiya/,calculator:bonus,src/pages/[locale]/[category]/[calculator].astro
/uk/pobut/spivvidnoshennya-kavy-ta-vody/,uk,calculator,true,/uk/pobut/spivvidnoshennya-kavy-ta-vody/,calculator:brew-ratio,src/pages/[locale]/[category]/[calculator].astro
/uk/finansy/kalkulyator-byudzhetu-50-30-20/,uk,calculator,true,/uk/finansy/kalkulyator-byudzhetu-50-30-20/,calculator:budget-50-30-20,src/pages/[locale]/[category]/[calculator].astro
/uk/finansy/podil-byudzhetu/,uk,calculator,true,/uk/finansy/podil-byudzhetu/,calculator:budget-split,src/pages/[locale]/[category]/[calculator].astro
/uk/remont/sypkyy-material/,uk,calculator,true,/uk/remont/sypkyy-material/,calculator:bulk-material-volume,src/pages/[locale]/[category]/[calculator].astro
/uk/fizyka/vyshtovhuvalna-syla/,uk,calculator,true,/uk/fizyka/vyshtovhuvalna-syla/,calculator:buoyancy,src/pages/[locale]/[category]/[calculator].astro
/uk/business/vartist-zaluchennya-kliyenta/,uk,calculator,true,/uk/business/vartist-zaluchennya-kliyenta/,calculator:cac,src/pages/[locale]/[category]/[calculator].astro
/uk/finansy/cagr-kalkulyator/,uk,calculator,true,/uk/finansy/cagr-kalkulyator/,calculator:cagr,src/pages/[locale]/[category]/[calculator].astro
/uk/fitness/kalkulyator-kaloriy-z-bzhv/,uk,calculator,true,/uk/fitness/kalkulyator-kaloriy-z-bzhv/,calculator:calories-from-macros,src/pages/[locale]/[category]/[calculator].astro
/uk/pobut/kalorii-na-porciyu-ua/,uk,calculator,true,/uk/pobut/kalorii-na-porciyu-ua/,calculator:calories-per-serving,src/pages/[locale]/[category]/[calculator].astro
/uk/elektronika/zaryad-kondensatora/,uk,calculator,true,/uk/elektronika/zaryad-kondensatora/,calculator:capacitor-basics,src/pages/[locale]/[category]/[calculator].astro
/uk/elektronika/kondensatory-v-koli/,uk,calculator,true,/uk/elektronika/kondensatory-v-koli/,calculator:capacitor-network,src/pages/[locale]/[category]/[calculator].astro
/uk/avtomobili/amortyzatsiya-avto/,uk,calculator,true,/uk/avtomobili/amortyzatsiya-avto/,calculator:car-depreciation,src/pages/[locale]/[category]/[calculator].astro
/uk/fizyka/kkd-cyklu-karno/,uk,calculator,true,/uk/fizyka/kkd-cyklu-karno/,calculator:carnot,src/pages/[locale]/[category]/[calculator].astro
/uk/fizyka/dotsentrova-syla/,uk,calculator,true,/uk/fizyka/dotsentrova-syla/,calculator:centripetal-force,src/pages/[locale]/[category]/[calculator].astro
/uk/business/vidtik-utrymannya/,uk,calculator,true,/uk/business/vidtik-utrymannya/,calculator:churn-retention,src/pages/[locale]/[category]/[calculator].astro
/uk/remont/obshyvka-doshkoyu/,uk,calculator,true,/uk/remont/obshyvka-doshkoyu/,calculator:cladding-boards,src/pages/[locale]/[category]/[calculator].astro
/uk/elektronika/hvylovyi-opir-kabelyu/,uk,calculator,true,/uk/elektronika/hvylovyi-opir-kabelyu/,calculator:coaxial-cable-impedance,src/pages/[locale]/[category]/[calculator].astro
/uk/business/sobivartist-prodazhiv/,uk,calculator,true,/uk/business/sobivartist-prodazhiv/,calculator:cogs,src/pages/[locale]/[category]/[calculator].astro
/uk/business/sobivartist-odynytsi/,uk,calculator,true,/uk/business/sobivartist-odynytsi/,calculator:cogs-unit-cost,src/pages/[locale]/[category]/[calculator].astro
/uk/kompyutery/konverter-koloriv/,uk,calculator,true,/uk/kompyutery/konverter-koloriv/,calculator:color-convert,src/pages/[locale]/[category]/[calculator].astro
/uk/math/spoluchennya-rozmishchennya/,uk,calculator,true,/uk/math/spoluchennya-rozmishchennya/,calculator:combinatorics,src/pages/[locale]/[category]/[calculator].astro
/uk/finansy/kalkulyator-komisiyi/,uk,calculator,true,/uk/finansy/kalkulyator-komisiyi/,calculator:commission,src/pages/[locale]/[category]/[calculator].astro
/uk/avtomobili/stupin-styskannya-dvyguna/,uk,calculator,true,/uk/avtomobili/stupin-styskannya-dvyguna/,calculator:compression-ratio,src/pages/[locale]/[category]/[calculator].astro
/uk/remont/beton/,uk,calculator,true,/uk/remont/beton/,calculator:concrete,src/pages/[locale]/[category]/[calculator].astro
/uk/math/dovirchyy-interval/,uk,calculator,true,/uk/math/dovirchyy-interval/,calculator:confidence-interval,src/pages/[locale]/[category]/[calculator].astro
/uk/business/marzhynalnyi-dokhid/,uk,calculator,true,/uk/business/marzhynalnyi-dokhid/,calculator:contribution-margin,src/pages/[locale]/[category]/[calculator].astro
/uk/business/konversiya/,uk,calculator,true,/uk/business/konversiya/,calculator:conversion-rate,src/pages/[locale]/[category]/[calculator].astro
/uk/konvertery/konverter-kutiv/,uk,calculator,true,/uk/konvertery/konverter-kutiv/,calculator:convert-angle,src/pages/[locale]/[category]/[calculator].astro
/uk/konvertery/konverter-ploshchi/,uk,calculator,true,/uk/konvertery/konverter-ploshchi/,calculator:convert-area,src/pages/[locale]/[category]/[calculator].astro
/uk/konvertery/konverter-kulinarnykh-mir/,uk,calculator,true,/uk/konvertery/konverter-kulinarnykh-mir/,calculator:convert-cooking-volume,src/pages/[locale]/[category]/[calculator].astro
/uk/konvertery/kulinarna-vaga/,uk,calculator,true,/uk/konvertery/kulinarna-vaga/,calculator:convert-cooking-weight,src/pages/[locale]/[category]/[calculator].astro
/uk/konvertery/konverter-shvydkosti-peredachi/,uk,calculator,true,/uk/konvertery/konverter-shvydkosti-peredachi/,calculator:convert-data-rate,src/pages/[locale]/[category]/[calculator].astro
/uk/konvertery/konverter-hustyny/,uk,calculator,true,/uk/konvertery/konverter-hustyny/,calculator:convert-density,src/pages/[locale]/[category]/[calculator].astro
/uk/konvertery/konverter-obsyagu-danykh/,uk,calculator,true,/uk/konvertery/konverter-obsyagu-danykh/,calculator:convert-digital,src/pages/[locale]/[category]/[calculator].astro
/uk/konvertery/konverter-enerhii/,uk,calculator,true,/uk/konvertery/konverter-enerhii/,calculator:convert-energy,src/pages/[locale]/[category]/[calculator].astro
/uk/konvertery/konverter-vytraty/,uk,calculator,true,/uk/konvertery/konverter-vytraty/,calculator:convert-flow,src/pages/[locale]/[category]/[calculator].astro
/uk/konvertery/konverter-syly/,uk,calculator,true,/uk/konvertery/konverter-syly/,calculator:convert-force,src/pages/[locale]/[category]/[calculator].astro
/uk/konvertery/konverter-chastoty/,uk,calculator,true,/uk/konvertery/konverter-chastoty/,calculator:convert-frequency,src/pages/[locale]/[category]/[calculator].astro
/uk/konvertery/konverter-vytraty-palyva/,uk,calculator,true,/uk/konvertery/konverter-vytraty-palyva/,calculator:convert-fuel-economy,src/pages/[locale]/[category]/[calculator].astro
/uk/konvertery/konverter-osvitlenosti/,uk,calculator,true,/uk/konvertery/konverter-osvitlenosti/,calculator:convert-illuminance,src/pages/[locale]/[category]/[calculator].astro
/uk/konvertery/konverter-dovzhyny/,uk,calculator,true,/uk/konvertery/konverter-dovzhyny/,calculator:convert-length,src/pages/[locale]/[category]/[calculator].astro
/uk/konvertery/konverter-masy/,uk,calculator,true,/uk/konvertery/konverter-masy/,calculator:convert-mass,src/pages/[locale]/[category]/[calculator].astro
/uk/konvertery/konverter-potuzhnosti/,uk,calculator,true,/uk/konvertery/konverter-potuzhnosti/,calculator:convert-power,src/pages/[locale]/[category]/[calculator].astro
/uk/konvertery/konverter-tysku/,uk,calculator,true,/uk/konvertery/konverter-tysku/,calculator:convert-pressure,src/pages/[locale]/[category]/[calculator].astro
/uk/konvertery/konverter-radiacii-ua/,uk,calculator,true,/uk/konvertery/konverter-radiacii-ua/,calculator:convert-radiation,src/pages/[locale]/[category]/[calculator].astro
/uk/konvertery/konverter-shvydkosti/,uk,calculator,true,/uk/konvertery/konverter-shvydkosti/,calculator:convert-speed,src/pages/[locale]/[category]/[calculator].astro
/uk/konvertery/konverter-temperatury/,uk,calculator,true,/uk/konvertery/konverter-temperatury/,calculator:convert-temperature,src/pages/[locale]/[category]/[calculator].astro
/uk/konvertery/konverter-chasu/,uk,calculator,true,/uk/konvertery/konverter-chasu/,calculator:convert-time,src/pages/[locale]/[category]/[calculator].astro
/uk/konvertery/konverter-krutnoho-momentu/,uk,calculator,true,/uk/konvertery/konverter-krutnoho-momentu/,calculator:convert-torque,src/pages/[locale]/[category]/[calculator].astro
/uk/konvertery/konverter-obyemu/,uk,calculator,true,/uk/konvertery/konverter-obyemu/,calculator:convert-volume,src/pages/[locale]/[category]/[calculator].astro
/uk/pobut/suha-ta-hotova-vaha/,uk,calculator,true,/uk/pobut/suha-ta-hotova-vaha/,calculator:cooked-weight,src/pages/[locale]/[category]/[calculator].astro
/uk/konvertery/koordynaty-hradusy-hvylyny/,uk,calculator,true,/uk/konvertery/koordynaty-hradusy-hvylyny/,calculator:coordinate-convert,src/pages/[locale]/[category]/[calculator].astro
/uk/math/korelyatsiya/,uk,calculator,true,/uk/math/korelyatsiya/,calculator:correlation,src/pages/[locale]/[category]/[calculator].astro
/uk/fizyka/zakon-kulona/,uk,calculator,true,/uk/fizyka/zakon-kulona/,calculator:coulomb,src/pages/[locale]/[category]/[calculator].astro
/uk/business/cpa-cpl-cpi/,uk,calculator,true,/uk/business/cpa-cpl-cpi/,calculator:cpa-cpl-cpi,src/pages/[locale]/[category]/[calculator].astro
/uk/business/cpc/,uk,calculator,true,/uk/business/cpc/,calculator:cpc,src/pages/[locale]/[category]/[calculator].astro
/uk/business/cpm/,uk,calculator,true,/uk/business/cpm/,calculator:cpm,src/pages/[locale]/[category]/[calculator].astro
/uk/finansy/pohashennya-kredytnoyi-kartky/,uk,calculator,true,/uk/finansy/pohashennya-kredytnoyi-kartky/,calculator:credit-card-payoff,src/pages/[locale]/[category]/[calculator].astro
/uk/finansy/prybutok-kryptovalyuty/,uk,calculator,true,/uk/finansy/prybutok-kryptovalyuty/,calculator:crypto-pnl,src/pages/[locale]/[category]/[calculator].astro
/uk/kompyutery/css-odynytsi/,uk,calculator,true,/uk/kompyutery/css-odynytsi/,calculator:css-units,src/pages/[locale]/[category]/[calculator].astro
/uk/business/ctr/,uk,calculator,true,/uk/business/ctr/,calculator:ctr,src/pages/[locale]/[category]/[calculator].astro
/uk/valyuty/vartist-obminu-valyuty/,uk,calculator,true,/uk/valyuty/vartist-obminu-valyuty/,calculator:currency-exchange-fee,src/pages/[locale]/[category]/[calculator].astro
/uk/pobut/rozrahunok-shtor/,uk,calculator,true,/uk/pobut/rozrahunok-shtor/,calculator:curtain-size,src/pages/[locale]/[category]/[calculator].astro
/uk/business/takt-vyrobnytstva/,uk,calculator,true,/uk/business/takt-vyrobnytstva/,calculator:cycle-time,src/pages/[locale]/[category]/[calculator].astro
/uk/daty/den-tyzhnya/,uk,calculator,true,/uk/daty/den-tyzhnya/,calculator:day-of-week,src/pages/[locale]/[category]/[calculator].astro
/uk/finansy/userednennya-tsiny-dca/,uk,calculator,true,/uk/finansy/userednennya-tsiny-dca/,calculator:dca,src/pages/[locale]/[category]/[calculator].astro
/uk/fizyka/dovzhyna-hvyli-de-broylya/,uk,calculator,true,/uk/fizyka/dovzhyna-hvyli-de-broylya/,calculator:de-broglie,src/pages/[locale]/[category]/[calculator].astro
/uk/finansy/pogashennya-kilkoh-borgiv/,uk,calculator,true,/uk/finansy/pogashennya-kilkoh-borgiv/,calculator:debt-snowball-avalanche,src/pages/[locale]/[category]/[calculator].astro
/uk/fizyka/decybely/,uk,calculator,true,/uk/fizyka/decybely/,calculator:decibel,src/pages/[locale]/[category]/[calculator].astro
/uk/fizyka/hustyna/,uk,calculator,true,/uk/fizyka/hustyna/,calculator:density,src/pages/[locale]/[category]/[calculator].astro
/uk/finansy/amortyzaciya-aktyvu/,uk,calculator,true,/uk/finansy/amortyzaciya-aktyvu/,calculator:depreciation-methods,src/pages/[locale]/[category]/[calculator].astro
/uk/fizyka/tochka-rosy/,uk,calculator,true,/uk/fizyka/tochka-rosy/,calculator:dew-point,src/pages/[locale]/[category]/[calculator].astro
/uk/math/imovirnist-kubykiv/,uk,calculator,true,/uk/math/imovirnist-kubykiv/,calculator:dice-probability,src/pages/[locale]/[category]/[calculator].astro
/uk/math/abs-rel-riznytsya/,uk,calculator,true,/uk/math/abs-rel-riznytsya/,calculator:difference-abs-rel,src/pages/[locale]/[category]/[calculator].astro
/uk/himiya/rozvedennia/,uk,calculator,true,/uk/himiya/rozvedennia/,calculator:dilution,src/pages/[locale]/[category]/[calculator].astro
/uk/finansy/dyvidendna-dokhidnist/,uk,calculator,true,/uk/finansy/dyvidendna-dokhidnist/,calculator:dividend-yield,src/pages/[locale]/[category]/[calculator].astro
/uk/math/dilnyky-chysla/,uk,calculator,true,/uk/math/dilnyky-chysla/,calculator:divisors,src/pages/[locale]/[category]/[calculator].astro
/uk/fizyka/efekt-doplera/,uk,calculator,true,/uk/fizyka/efekt-doplera/,calculator:doppler,src/pages/[locale]/[category]/[calculator].astro
/uk/finansy/pershyy-vnesok/,uk,calculator,true,/uk/finansy/pershyy-vnesok/,calculator:down-payment,src/pages/[locale]/[category]/[calculator].astro
/uk/kompyutery/chas-zavantazhennya/,uk,calculator,true,/uk/kompyutery/chas-zavantazhennya/,calculator:download-time,src/pages/[locale]/[category]/[calculator].astro
/uk/pobut/protikannya-krana/,uk,calculator,true,/uk/pobut/protikannya-krana/,calculator:drip-water-leak,src/pages/[locale]/[category]/[calculator].astro
/uk/remont/gipsokarton-ua/,uk,calculator,true,/uk/remont/gipsokarton-ua/,calculator:drywall,src/pages/[locale]/[category]/[calculator].astro
/uk/finansy/kredytne-navantazhennya/,uk,calculator,true,/uk/finansy/kredytne-navantazhennya/,calculator:dti,src/pages/[locale]/[category]/[calculator].astro
/uk/finansy/dostrokove-pohashennya/,uk,calculator,true,/uk/finansy/dostrokove-pohashennya/,calculator:early-repayment,src/pages/[locale]/[category]/[calculator].astro
/uk/pobut/vytrata-elektroenergiyi/,uk,calculator,true,/uk/pobut/vytrata-elektroenergiyi/,calculator:electricity-usage,src/pages/[locale]/[category]/[calculator].astro
/uk/business/email-metryky/,uk,calculator,true,/uk/business/email-metryky/,calculator:email-metrics,src/pages/[locale]/[category]/[calculator].astro
/uk/finansy/finansova-podushka/,uk,calculator,true,/uk/finansy/finansova-podushka/,calculator:emergency-fund,src/pages/[locale]/[category]/[calculator].astro
/uk/business/vartist-spivrobitnyka/,uk,calculator,true,/uk/business/vartist-spivrobitnyka/,calculator:employee-cost,src/pages/[locale]/[category]/[calculator].astro
/uk/business/zaluchenist/,uk,calculator,true,/uk/business/zaluchenist/,calculator:engagement-rate,src/pages/[locale]/[category]/[calculator].astro
/uk/avtomobili/robochyy-obyem-dvyguna/,uk,calculator,true,/uk/avtomobili/robochyy-obyem-dvyguna/,calculator:engine-displacement,src/pages/[locale]/[category]/[calculator].astro
/uk/remont/obyem-epoksydnoyi-smoly/,uk,calculator,true,/uk/remont/obyem-epoksydnoyi-smoly/,calculator:epoxy-volume,src/pages/[locale]/[category]/[calculator].astro
/uk/fizyka/druga-kosmichna-shvydkist/,uk,calculator,true,/uk/fizyka/druga-kosmichna-shvydkist/,calculator:escape-velocity,src/pages/[locale]/[category]/[calculator].astro
/uk/math/faktorial/,uk,calculator,true,/uk/math/faktorial/,calculator:factorial,src/pages/[locale]/[category]/[calculator].astro
/uk/business/komisiya-marketpleysu/,uk,calculator,true,/uk/business/komisiya-marketpleysu/,calculator:fee-chain,src/pages/[locale]/[category]/[calculator].astro
/uk/remont/parkan/,uk,calculator,true,/uk/remont/parkan/,calculator:fence,src/pages/[locale]/[category]/[calculator].astro
/uk/math/chysla-fibonachchi/,uk,calculator,true,/uk/math/chysla-fibonachchi/,calculator:fibonacci,src/pages/[locale]/[category]/[calculator].astro
/uk/kompyutery/fayly-na-nosiyi/,uk,calculator,true,/uk/kompyutery/fayly-na-nosiyi/,calculator:files-on-disk,src/pages/[locale]/[category]/[calculator].astro
/uk/navchannya/potribna-otsinka/,uk,calculator,true,/uk/navchannya/potribna-otsinka/,calculator:final-grade,src/pages/[locale]/[category]/[calculator].astro
/uk/kompyutery/fps-chas-kadru/,uk,calculator,true,/uk/kompyutery/fps-chas-kadru/,calculator:fps-frametime,src/pages/[locale]/[category]/[calculator].astro
/uk/math/drobi/,uk,calculator,true,/uk/math/drobi/,calculator:fraction-arith,src/pages/[locale]/[category]/[calculator].astro
/uk/fizyka/vilne-padinnya/,uk,calculator,true,/uk/fizyka/vilne-padinnya/,calculator:free-fall,src/pages/[locale]/[category]/[calculator].astro
/uk/finansy/stavka-frilansera/,uk,calculator,true,/uk/finansy/stavka-frilansera/,calculator:freelance-rate,src/pages/[locale]/[category]/[calculator].astro
/uk/avtomobili/vytrata-palyva/,uk,calculator,true,/uk/avtomobili/vytrata-palyva/,calculator:fuel-consumption,src/pages/[locale]/[category]/[calculator].astro
/uk/avtomobili/benzyn-z-oliyeyu-dlya-dvotaktnogo/,uk,calculator,true,/uk/avtomobili/benzyn-z-oliyeyu-dlya-dvotaktnogo/,calculator:fuel-oil-mix,src/pages/[locale]/[category]/[calculator].astro
/uk/himiya/hazovi-zakony/,uk,calculator,true,/uk/himiya/hazovi-zakony/,calculator:gas-laws,src/pages/[locale]/[category]/[calculator].astro
/uk/math/nsd-nsk/,uk,calculator,true,/uk/math/nsd-nsk/,calculator:gcd-lcm,src/pages/[locale]/[category]/[calculator].astro
/uk/pobut/vytrata-palnoho-heneratora/,uk,calculator,true,/uk/pobut/vytrata-palnoho-heneratora/,calculator:generator-fuel,src/pages/[locale]/[category]/[calculator].astro
/uk/heometriya/kiltse/,uk,calculator,true,/uk/heometriya/kiltse/,calculator:geom-annulus,src/pages/[locale]/[category]/[calculator].astro
/uk/heometriya/kolo/,uk,calculator,true,/uk/heometriya/kolo/,calculator:geom-circle,src/pages/[locale]/[category]/[calculator].astro
/uk/heometriya/konus/,uk,calculator,true,/uk/heometriya/konus/,calculator:geom-cone,src/pages/[locale]/[category]/[calculator].astro
/uk/heometriya/kub/,uk,calculator,true,/uk/heometriya/kub/,calculator:geom-cube,src/pages/[locale]/[category]/[calculator].astro
/uk/heometriya/paralelepiped/,uk,calculator,true,/uk/heometriya/paralelepiped/,calculator:geom-cuboid,src/pages/[locale]/[category]/[calculator].astro
/uk/heometriya/tsylindr/,uk,calculator,true,/uk/heometriya/tsylindr/,calculator:geom-cylinder,src/pages/[locale]/[category]/[calculator].astro
/uk/heometriya/elips/,uk,calculator,true,/uk/heometriya/elips/,calculator:geom-ellipse,src/pages/[locale]/[category]/[calculator].astro
/uk/heometriya/zrizanyy-konus/,uk,calculator,true,/uk/heometriya/zrizanyy-konus/,calculator:geom-frustum,src/pages/[locale]/[category]/[calculator].astro
/uk/heometriya/paralelohram/,uk,calculator,true,/uk/heometriya/paralelohram/,calculator:geom-parallelogram,src/pages/[locale]/[category]/[calculator].astro
/uk/heometriya/bagatokutnyk-za-koordynatamy/,uk,calculator,true,/uk/heometriya/bagatokutnyk-za-koordynatamy/,calculator:geom-polygon-coords,src/pages/[locale]/[category]/[calculator].astro
/uk/heometriya/pryzma/,uk,calculator,true,/uk/heometriya/pryzma/,calculator:geom-prism,src/pages/[locale]/[category]/[calculator].astro
/uk/heometriya/piramida/,uk,calculator,true,/uk/heometriya/piramida/,calculator:geom-pyramid,src/pages/[locale]/[category]/[calculator].astro
/uk/heometriya/pryamokutnyk/,uk,calculator,true,/uk/heometriya/pryamokutnyk/,calculator:geom-rectangle,src/pages/[locale]/[category]/[calculator].astro
/uk/heometriya/pravylnyy-mnohokutnyk/,uk,calculator,true,/uk/heometriya/pravylnyy-mnohokutnyk/,calculator:geom-regular-polygon,src/pages/[locale]/[category]/[calculator].astro
/uk/heometriya/romb/,uk,calculator,true,/uk/heometriya/romb/,calculator:geom-rhombus,src/pages/[locale]/[category]/[calculator].astro
/uk/heometriya/pryamokutnyy-trykutnyk/,uk,calculator,true,/uk/heometriya/pryamokutnyy-trykutnyk/,calculator:geom-right-triangle,src/pages/[locale]/[category]/[calculator].astro
/uk/heometriya/sektor-kola/,uk,calculator,true,/uk/heometriya/sektor-kola/,calculator:geom-sector,src/pages/[locale]/[category]/[calculator].astro
/uk/heometriya/kulya/,uk,calculator,true,/uk/heometriya/kulya/,calculator:geom-sphere,src/pages/[locale]/[category]/[calculator].astro
/uk/heometriya/kvadrat/,uk,calculator,true,/uk/heometriya/kvadrat/,calculator:geom-square,src/pages/[locale]/[category]/[calculator].astro
/uk/heometriya/trapetsiya/,uk,calculator,true,/uk/heometriya/trapetsiya/,calculator:geom-trapezoid,src/pages/[locale]/[category]/[calculator].astro
/uk/heometriya/trykutnyk/,uk,calculator,true,/uk/heometriya/trykutnyk/,calculator:geom-triangle,src/pages/[locale]/[category]/[calculator].astro
/uk/math/geometrychna-progresiya/,uk,calculator,true,/uk/math/geometrychna-progresiya/,calculator:geometric-progression,src/pages/[locale]/[category]/[calculator].astro
/uk/heometriya/zolotyi-pereriz/,uk,calculator,true,/uk/heometriya/zolotyi-pereriz/,calculator:golden-ratio,src/pages/[locale]/[category]/[calculator].astro
/uk/navchannya/seredniy-bal/,uk,calculator,true,/uk/navchannya/seredniy-bal/,calculator:gpa,src/pages/[locale]/[category]/[calculator].astro
/uk/fizyka/gravitatsiyna-syla/,uk,calculator,true,/uk/fizyka/gravitatsiyna-syla/,calculator:gravitational-force,src/pages/[locale]/[category]/[calculator].astro
/uk/fizyka/period-napivrozpadu/,uk,calculator,true,/uk/fizyka/period-napivrozpadu/,calculator:half-life,src/pages/[locale]/[category]/[calculator].astro
/uk/elektronika/potuzhnist-dlya-navushnykiv/,uk,calculator,true,/uk/elektronika/potuzhnist-dlya-navushnykiv/,calculator:headphone-power,src/pages/[locale]/[category]/[calculator].astro
/uk/fizyka/indeks-speky/,uk,calculator,true,/uk/fizyka/indeks-speky/,calculator:heat-index,src/pages/[locale]/[category]/[calculator].astro
/uk/pobut/potuzhnist-opalennya/,uk,calculator,true,/uk/pobut/potuzhnist-opalennya/,calculator:heating-power,src/pages/[locale]/[category]/[calculator].astro
/uk/finansy/kredyt-pid-zastavu-zhytla/,uk,calculator,true,/uk/finansy/kredyt-pid-zastavu-zhytla/,calculator:home-equity,src/pages/[locale]/[category]/[calculator].astro
/uk/fizyka/zakon-huka/,uk,calculator,true,/uk/fizyka/zakon-huka/,calculator:hooke-law,src/pages/[locale]/[category]/[calculator].astro
/uk/fizyka/absolyutna-vologist/,uk,calculator,true,/uk/fizyka/absolyutna-vologist/,calculator:humidity-convert,src/pages/[locale]/[category]/[calculator].astro
/uk/fizyka/hidrostatychnyi-tysk/,uk,calculator,true,/uk/fizyka/hidrostatychnyi-tysk/,calculator:hydrostatic-pressure,src/pages/[locale]/[category]/[calculator].astro
/uk/himiya/rivniannia-stanu-hazu/,uk,calculator,true,/uk/himiya/rivniannia-stanu-hazu/,calculator:ideal-gas-law,src/pages/[locale]/[category]/[calculator].astro
/uk/fitness/idealna-vaga/,uk,calculator,true,/uk/fitness/idealna-vaga/,calculator:ideal-weight,src/pages/[locale]/[category]/[calculator].astro
/uk/fizyka/pohyla-ploshchyna/,uk,calculator,true,/uk/fizyka/pohyla-ploshchyna/,calculator:inclined-plane,src/pages/[locale]/[category]/[calculator].astro
/uk/finansy/inflyatsiya/,uk,calculator,true,/uk/finansy/inflyatsiya/,calculator:inflation,src/pages/[locale]/[category]/[calculator].astro
/uk/finansy/rozstrochka/,uk,calculator,true,/uk/finansy/rozstrochka/,calculator:installment,src/pages/[locale]/[category]/[calculator].astro
/uk/remont/utepliuvach/,uk,calculator,true,/uk/remont/utepliuvach/,calculator:insulation,src/pages/[locale]/[category]/[calculator].astro
/uk/kompyutery/internet-trafik/,uk,calculator,true,/uk/kompyutery/internet-trafik/,calculator:internet-traffic,src/pages/[locale]/[category]/[calculator].astro
/uk/business/oborotnist-zapasiv/,uk,calculator,true,/uk/business/oborotnist-zapasiv/,calculator:inventory-turnover,src/pages/[locale]/[category]/[calculator].astro
/uk/fizyka/zakon-obernenyh-kvadrativ/,uk,calculator,true,/uk/fizyka/zakon-obernenyh-kvadrativ/,calculator:inverse-square,src/pages/[locale]/[category]/[calculator].astro
/uk/elektronika/potuzhnist-invertora/,uk,calculator,true,/uk/elektronika/potuzhnist-invertora/,calculator:inverter-power,src/pages/[locale]/[category]/[calculator].astro
/uk/kompyutery/pidmerezha-ipv4/,uk,calculator,true,/uk/kompyutery/pidmerezha-ipv4/,calculator:ipv4-subnet,src/pages/[locale]/[category]/[calculator].astro
/uk/fizyka/kinetychna-enerhiya/,uk,calculator,true,/uk/fizyka/kinetychna-enerhiya/,calculator:kinetic-energy,src/pages/[locale]/[category]/[calculator].astro
/uk/elektronika/kva-v-kvt/,uk,calculator,true,/uk/elektronika/kva-v-kvt/,calculator:kva-kw,src/pages/[locale]/[category]/[calculator].astro
/uk/elektronika/rezonansna-chastota-lc/,uk,calculator,true,/uk/elektronika/rezonansna-chastota-lc/,calculator:lc-resonance,src/pages/[locale]/[category]/[calculator].astro
/uk/daty/vysokosnyi-rik/,uk,calculator,true,/uk/daty/vysokosnyi-rik/,calculator:leap-year,src/pages/[locale]/[category]/[calculator].astro
/uk/finansy/platizh-za-lizyngom/,uk,calculator,true,/uk/finansy/platizh-za-lizyngom/,calculator:lease-payment,src/pages/[locale]/[category]/[calculator].astro
/uk/elektronika/rezystor-dlya-svitlodioda/,uk,calculator,true,/uk/elektronika/rezystor-dlya-svitlodioda/,calculator:led-resistor,src/pages/[locale]/[category]/[calculator].astro
/uk/fizyka/vazhil-i-vyihrash-u-syli/,uk,calculator,true,/uk/fizyka/vazhil-i-vyihrash-u-syli/,calculator:lever-moment,src/pages/[locale]/[category]/[calculator].astro
/uk/finansy/kredytne-plege/,uk,calculator,true,/uk/finansy/kredytne-plege/,calculator:leverage,src/pages/[locale]/[category]/[calculator].astro
/uk/pobut/osvitlennya-kimnaty/,uk,calculator,true,/uk/pobut/osvitlennya-kimnaty/,calculator:lighting,src/pages/[locale]/[category]/[calculator].astro
/uk/math/liniyne-rivnyannya/,uk,calculator,true,/uk/math/liniyne-rivnyannya/,calculator:linear-equation,src/pages/[locale]/[category]/[calculator].astro
/uk/math/systema-rivnyan/,uk,calculator,true,/uk/math/systema-rivnyan/,calculator:linear-system,src/pages/[locale]/[category]/[calculator].astro
/uk/remont/linoleum-ua/,uk,calculator,true,/uk/remont/linoleum-ua/,calculator:linoleum,src/pages/[locale]/[category]/[calculator].astro
/uk/math/kalkulyator-logaryfma/,uk,calculator,true,/uk/math/kalkulyator-logaryfma/,calculator:logarithm,src/pages/[locale]/[category]/[calculator].astro
/uk/business/ltv/,uk,calculator,true,/uk/business/ltv/,calculator:ltv,src/pages/[locale]/[category]/[calculator].astro
/uk/pobut/liniyni-gabaryty-bagazhu/,uk,calculator,true,/uk/pobut/liniyni-gabaryty-bagazhu/,calculator:luggage-linear,src/pages/[locale]/[category]/[calculator].astro
/uk/fizyka/chyslo-maha/,uk,calculator,true,/uk/fizyka/chyslo-maha/,calculator:mach-number,src/pages/[locale]/[category]/[calculator].astro
/uk/finansy/rynkova-kapitalizatsiya/,uk,calculator,true,/uk/finansy/rynkova-kapitalizatsiya/,calculator:market-cap,src/pages/[locale]/[category]/[calculator].astro
/uk/fizyka/energiya-spokoyu/,uk,calculator,true,/uk/fizyka/energiya-spokoyu/,calculator:mass-energy,src/pages/[locale]/[category]/[calculator].astro
/uk/fitness/maksymalnyy-puls/,uk,calculator,true,/uk/fitness/maksymalnyy-puls/,calculator:max-heart-rate,src/pages/[locale]/[category]/[calculator].astro
/uk/finansy/maksymalna-suma-kredytu/,uk,calculator,true,/uk/finansy/maksymalna-suma-kredytu/,calculator:max-loan,src/pages/[locale]/[category]/[calculator].astro
/uk/remont/vaha-metaloprokatu/,uk,calculator,true,/uk/remont/vaha-metaloprokatu/,calculator:metal-weight,src/pages/[locale]/[category]/[calculator].astro
/uk/remont/kut-zapylu/,uk,calculator,true,/uk/remont/kut-zapylu/,calculator:miter-angle,src/pages/[locale]/[category]/[calculator].astro
/uk/kompyutery/modulna-shkala/,uk,calculator,true,/uk/kompyutery/modulna-shkala/,calculator:modular-scale,src/pages/[locale]/[category]/[calculator].astro
/uk/math/kalkulyator-ostachi/,uk,calculator,true,/uk/math/kalkulyator-ostachi/,calculator:modulo,src/pages/[locale]/[category]/[calculator].astro
/uk/himiya/molyarna-masa/,uk,calculator,true,/uk/himiya/molyarna-masa/,calculator:molar-mass,src/pages/[locale]/[category]/[calculator].astro
/uk/himiya/moliarnist/,uk,calculator,true,/uk/himiya/moliarnist/,calculator:molarity,src/pages/[locale]/[category]/[calculator].astro
/uk/himiya/kilkist-rechovyny/,uk,calculator,true,/uk/himiya/kilkist-rechovyny/,calculator:moles,src/pages/[locale]/[category]/[calculator].astro
/uk/fizyka/moment-inercii/,uk,calculator,true,/uk/fizyka/moment-inercii/,calculator:moment-of-inertia,src/pages/[locale]/[category]/[calculator].astro
/uk/fizyka/impuls/,uk,calculator,true,/uk/fizyka/impuls/,calculator:momentum,src/pages/[locale]/[category]/[calculator].astro
/uk/business/mrr-arr/,uk,calculator,true,/uk/business/mrr-arr/,calculator:mrr-arr,src/pages/[locale]/[category]/[calculator].astro
/uk/elektronika/taymer-ne555/,uk,calculator,true,/uk/elektronika/taymer-ne555/,calculator:ne555-timer-astable,src/pages/[locale]/[category]/[calculator].astro
/uk/kompyutery/propuskna-zdatnist/,uk,calculator,true,/uk/kompyutery/propuskna-zdatnist/,calculator:network-bandwidth,src/pages/[locale]/[category]/[calculator].astro
/uk/fizyka/syla-nyutona/,uk,calculator,true,/uk/fizyka/syla-nyutona/,calculator:newton-force,src/pages/[locale]/[category]/[calculator].astro
/uk/konvertery/lakh-i-kror/,uk,calculator,true,/uk/konvertery/lakh-i-kror/,calculator:number-scale-names,src/pages/[locale]/[category]/[calculator].astro
/uk/konvertery/chyslo-propysom/,uk,calculator,true,/uk/konvertery/chyslo-propysom/,calculator:number-to-words,src/pages/[locale]/[category]/[calculator].astro
/uk/elektronika/zakon-oma/,uk,calculator,true,/uk/elektronika/zakon-oma/,calculator:ohms-law,src/pages/[locale]/[category]/[calculator].astro
/uk/fizyka/period-obertannya-po-orbiti/,uk,calculator,true,/uk/fizyka/period-obertannya-po-orbiti/,calculator:orbital-period,src/pages/[locale]/[category]/[calculator].astro
/uk/finansy/nadurochni/,uk,calculator,true,/uk/finansy/nadurochni/,calculator:overtime,src/pages/[locale]/[category]/[calculator].astro
/uk/konvertery/vaga-i-kilkist-paperu/,uk,calculator,true,/uk/konvertery/vaga-i-kilkist-paperu/,calculator:paper-quantity,src/pages/[locale]/[category]/[calculator].astro
/uk/kompyutery/stiykist-parolya/,uk,calculator,true,/uk/kompyutery/stiykist-parolya/,calculator:password-entropy,src/pages/[locale]/[category]/[calculator].astro
/uk/business/termin-okupnosti/,uk,calculator,true,/uk/business/termin-okupnosti/,calculator:payback-period,src/pages/[locale]/[category]/[calculator].astro
/uk/fizyka/period-mayatnyka/,uk,calculator,true,/uk/fizyka/period-mayatnyka/,calculator:pendulum,src/pages/[locale]/[category]/[calculator].astro
/uk/pobut/vik-tvaryny/,uk,calculator,true,/uk/pobut/vik-tvaryny/,calculator:pet-age,src/pages/[locale]/[category]/[calculator].astro
/uk/pobut/korm-dlya-tvaryny/,uk,calculator,true,/uk/pobut/korm-dlya-tvaryny/,calculator:pet-food,src/pages/[locale]/[category]/[calculator].astro
/uk/himiya/ph-poh/,uk,calculator,true,/uk/himiya/ph-poh/,calculator:ph-poh,src/pages/[locale]/[category]/[calculator].astro
/uk/fizyka/energiya-fotona/,uk,calculator,true,/uk/fizyka/energiya-fotona/,calculator:photon-energy,src/pages/[locale]/[category]/[calculator].astro
/uk/fizyka/mekhanichna-potuzhnist/,uk,calculator,true,/uk/fizyka/mekhanichna-potuzhnist/,calculator:physics-power,src/pages/[locale]/[category]/[calculator].astro
/uk/fizyka/moment-syly/,uk,calculator,true,/uk/fizyka/moment-syly/,calculator:physics-torque,src/pages/[locale]/[category]/[calculator].astro
/uk/pobut/polya-pasparta/,uk,calculator,true,/uk/pobut/polya-pasparta/,calculator:picture-frame-mat,src/pages/[locale]/[category]/[calculator].astro
/uk/remont/stovpchastyy-fundament/,uk,calculator,true,/uk/remont/stovpchastyy-fundament/,calculator:pile-foundation,src/pages/[locale]/[category]/[calculator].astro
/uk/fizyka/shvydkist-potoku-v-trubi/,uk,calculator,true,/uk/fizyka/shvydkist-potoku-v-trubi/,calculator:pipe-flow,src/pages/[locale]/[category]/[calculator].astro
/uk/remont/vaga-truby/,uk,calculator,true,/uk/remont/vaga-truby/,calculator:pipe-weight,src/pages/[locale]/[category]/[calculator].astro
/uk/remont/shtukaturka/,uk,calculator,true,/uk/remont/shtukaturka/,calculator:plaster,src/pages/[locale]/[category]/[calculator].astro
/uk/pobut/napovnennya-baseynu/,uk,calculator,true,/uk/pobut/napovnennya-baseynu/,calculator:pool-fill-time,src/pages/[locale]/[category]/[calculator].astro
/uk/finansy/rozmir-pozytsii/,uk,calculator,true,/uk/finansy/rozmir-pozytsii/,calculator:position-size,src/pages/[locale]/[category]/[calculator].astro
/uk/fizyka/potentsialna-enerhiya/,uk,calculator,true,/uk/fizyka/potentsialna-enerhiya/,calculator:potential-energy,src/pages/[locale]/[category]/[calculator].astro
/uk/math/stepeni-ta-koreni/,uk,calculator,true,/uk/math/stepeni-ta-koreni/,calculator:power-root,src/pages/[locale]/[category]/[calculator].astro
/uk/avtomobili/potuzhnist-do-masy/,uk,calculator,true,/uk/avtomobili/potuzhnist-do-masy/,calculator:power-to-weight,src/pages/[locale]/[category]/[calculator].astro
/uk/kompyutery/ppi/,uk,calculator,true,/uk/kompyutery/ppi/,calculator:ppi-dpi,src/pages/[locale]/[category]/[calculator].astro
/uk/fizyka/tysk/,uk,calculator,true,/uk/fizyka/tysk/,calculator:pressure,src/pages/[locale]/[category]/[calculator].astro
/uk/pobut/tsina-za-odynytsyu/,uk,calculator,true,/uk/pobut/tsina-za-odynytsyu/,calculator:price-per-unit,src/pages/[locale]/[category]/[calculator].astro
/uk/math/rozklad-na-prosti-mnozhnyky/,uk,calculator,true,/uk/math/rozklad-na-prosti-mnozhnyky/,calculator:prime-factorization,src/pages/[locale]/[category]/[calculator].astro
/uk/pobut/vartist-3d-druku/,uk,calculator,true,/uk/pobut/vartist-3d-druku/,calculator:print-3d-cost,src/pages/[locale]/[category]/[calculator].astro
/uk/math/ymovirnist/,uk,calculator,true,/uk/math/ymovirnist/,calculator:probability-basic,src/pages/[locale]/[category]/[calculator].astro
/uk/business/prybutok-marzha/,uk,calculator,true,/uk/business/prybutok-marzha/,calculator:profit,src/pages/[locale]/[category]/[calculator].astro
/uk/fizyka/kydok-pid-kutom/,uk,calculator,true,/uk/fizyka/kydok-pid-kutom/,calculator:projectile-motion,src/pages/[locale]/[category]/[calculator].astro
/uk/math/kalkulyator-proportsii/,uk,calculator,true,/uk/math/kalkulyator-proportsii/,calculator:proportion,src/pages/[locale]/[category]/[calculator].astro
/uk/heometriya/zrizana-piramida/,uk,calculator,true,/uk/heometriya/zrizana-piramida/,calculator:pyramid-frustum,src/pages/[locale]/[category]/[calculator].astro
/uk/math/kvadratne-rivnyannya/,uk,calculator,true,/uk/math/kvadratne-rivnyannya/,calculator:quadratic-equation,src/pages/[locale]/[category]/[calculator].astro
/uk/avtomobili/chvert-myli/,uk,calculator,true,/uk/avtomobili/chvert-myli/,calculator:quarter-mile-elapsed-time,src/pages/[locale]/[category]/[calculator].astro
/uk/math/kvartyli/,uk,calculator,true,/uk/math/kvartyli/,calculator:quartile,src/pages/[locale]/[category]/[calculator].astro
/uk/remont/krokvy/,uk,calculator,true,/uk/remont/krokvy/,calculator:rafters,src/pages/[locale]/[category]/[calculator].astro
/uk/kompyutery/raid-masyv/,uk,calculator,true,/uk/kompyutery/raid-masyv/,calculator:raid,src/pages/[locale]/[category]/[calculator].astro
/uk/pobut/zbir-doshchovoyi-vody/,uk,calculator,true,/uk/pobut/zbir-doshchovoyi-vody/,calculator:rainfall-volume,src/pages/[locale]/[category]/[calculator].astro
/uk/math/vidnoshennya/,uk,calculator,true,/uk/math/vidnoshennya/,calculator:ratio,src/pages/[locale]/[category]/[calculator].astro
/uk/elektronika/rc-filtr/,uk,calculator,true,/uk/elektronika/rc-filtr/,calculator:rc-filter,src/pages/[locale]/[category]/[calculator].astro
/uk/navchannya/shvydkist-chytannya/,uk,calculator,true,/uk/navchannya/shvydkist-chytannya/,calculator:reading-speed,src/pages/[locale]/[category]/[calculator].astro
/uk/finansy/realna-dokhidnist/,uk,calculator,true,/uk/finansy/realna-dokhidnist/,calculator:real-return,src/pages/[locale]/[category]/[calculator].astro
/uk/pobut/vartist-retsepta/,uk,calculator,true,/uk/pobut/vartist-retsepta/,calculator:recipe-cost,src/pages/[locale]/[category]/[calculator].astro
/uk/pobut/masshtabuvannya-retsepta/,uk,calculator,true,/uk/pobut/masshtabuvannya-retsepta/,calculator:recipe-scale,src/pages/[locale]/[category]/[calculator].astro
/uk/finansy/refinansuvannya/,uk,calculator,true,/uk/finansy/refinansuvannya/,calculator:refinancing,src/pages/[locale]/[category]/[calculator].astro
/uk/fizyka/spovilnennya-chasu/,uk,calculator,true,/uk/fizyka/spovilnennya-chasu/,calculator:relativity-dilation,src/pages/[locale]/[category]/[calculator].astro
/uk/finansy/orendna-dokhidnist/,uk,calculator,true,/uk/finansy/orendna-dokhidnist/,calculator:rental-yield,src/pages/[locale]/[category]/[calculator].astro
/uk/elektronika/kolirne-markuvannya-rezystora/,uk,calculator,true,/uk/elektronika/kolirne-markuvannya-rezystora/,calculator:resistor-color,src/pages/[locale]/[category]/[calculator].astro
/uk/elektronika/zednannya-rezystoriv/,uk,calculator,true,/uk/elektronika/zednannya-rezystoriv/,calculator:resistor-network,src/pages/[locale]/[category]/[calculator].astro
/uk/business/chastka-povernen/,uk,calculator,true,/uk/business/chastka-povernen/,calculator:return-rate,src/pages/[locale]/[category]/[calculator].astro
/uk/business/vytorh-na-spivrobitnyka/,uk,calculator,true,/uk/business/vytorh-na-spivrobitnyka/,calculator:revenue-per-employee,src/pages/[locale]/[category]/[calculator].astro
/uk/finansy/ryzyk-prybutok/,uk,calculator,true,/uk/finansy/ryzyk-prybutok/,calculator:risk-reward,src/pages/[locale]/[category]/[calculator].astro
/uk/elektronika/diyuche-napruga/,uk,calculator,true,/uk/elektronika/diyuche-napruga/,calculator:rms-voltage,src/pages/[locale]/[category]/[calculator].astro
/uk/business/roas/,uk,calculator,true,/uk/business/roas/,calculator:roas,src/pages/[locale]/[category]/[calculator].astro
/uk/pobut/chas-zapikannya/,uk,calculator,true,/uk/pobut/chas-zapikannya/,calculator:roast-time,src/pages/[locale]/[category]/[calculator].astro
/uk/finansy/roi-kalkulyator/,uk,calculator,true,/uk/finansy/roi-kalkulyator/,calculator:roi,src/pages/[locale]/[category]/[calculator].astro
/uk/math/rymski-chysla/,uk,calculator,true,/uk/math/rymski-chysla/,calculator:roman-numerals,src/pages/[locale]/[category]/[calculator].astro
/uk/remont/ploshcha-dakhu/,uk,calculator,true,/uk/remont/ploshcha-dakhu/,calculator:roof-area,src/pages/[locale]/[category]/[calculator].astro
/uk/remont/obreshitka/,uk,calculator,true,/uk/remont/obreshitka/,calculator:roof-battens,src/pages/[locale]/[category]/[calculator].astro
/uk/remont/kalkulyator-obyemu-prymishchennya/,uk,calculator,true,/uk/remont/kalkulyator-obyemu-prymishchennya/,calculator:room-volume,src/pages/[locale]/[category]/[calculator].astro
/uk/math/okruhlennya/,uk,calculator,true,/uk/math/okruhlennya/,calculator:rounding,src/pages/[locale]/[category]/[calculator].astro
/uk/finansy/pravylo-72/,uk,calculator,true,/uk/finansy/pravylo-72/,calculator:rule-of-72,src/pages/[locale]/[category]/[calculator].astro
/uk/finansy/konverter-zarplaty/,uk,calculator,true,/uk/finansy/konverter-zarplaty/,calculator:salary-convert,src/pages/[locale]/[category]/[calculator].astro
/uk/finansy/pidvyshchennya-zarplaty/,uk,calculator,true,/uk/finansy/pidvyshchennya-zarplaty/,calculator:salary-raise,src/pages/[locale]/[category]/[calculator].astro
/uk/math/rozmir-vybirky/,uk,calculator,true,/uk/math/rozmir-vybirky/,calculator:sample-size,src/pages/[locale]/[category]/[calculator].astro
/uk/finansy/finansova-meta/,uk,calculator,true,/uk/finansy/finansova-meta/,calculator:savings-goal,src/pages/[locale]/[category]/[calculator].astro
/uk/finansy/kalkulyator-normy-zaoshchadzhen/,uk,calculator,true,/uk/finansy/kalkulyator-normy-zaoshchadzhen/,calculator:savings-rate,src/pages/[locale]/[category]/[calculator].astro
/uk/konvertery/masshtab-modeli/,uk,calculator,true,/uk/konvertery/masshtab-modeli/,calculator:scale-model,src/pages/[locale]/[category]/[calculator].astro
/uk/remont/vytrata-germetyka/,uk,calculator,true,/uk/remont/vytrata-germetyka/,calculator:sealant-volume,src/pages/[locale]/[category]/[calculator].astro
/uk/business/dostavka-na-odynytsyu/,uk,calculator,true,/uk/business/dostavka-na-odynytsyu/,calculator:shipping-per-unit,src/pages/[locale]/[category]/[calculator].astro
/uk/finansy/prosti-vidsotky/,uk,calculator,true,/uk/finansy/prosti-vidsotky/,calculator:simple-interest,src/pages/[locale]/[category]/[calculator].astro
/uk/elektronika/odnofazna-potuzhnist/,uk,calculator,true,/uk/elektronika/odnofazna-potuzhnist/,calculator:single-phase,src/pages/[locale]/[category]/[calculator].astro
/uk/remont/plintus/,uk,calculator,true,/uk/remont/plintus/,calculator:skirting,src/pages/[locale]/[category]/[calculator].astro
/uk/remont/plytnyy-fundament/,uk,calculator,true,/uk/remont/plytnyy-fundament/,calculator:slab-foundation,src/pages/[locale]/[category]/[calculator].astro
/uk/daty/chas-snu/,uk,calculator,true,/uk/daty/chas-snu/,calculator:sleep-time,src/pages/[locale]/[category]/[calculator].astro
/uk/heometriya/ukhyl/,uk,calculator,true,/uk/heometriya/ukhyl/,calculator:slope,src/pages/[locale]/[category]/[calculator].astro
/uk/himiya/kontsentratsiia-rozchynu/,uk,calculator,true,/uk/himiya/kontsentratsiia-rozchynu/,calculator:solution-concentration,src/pages/[locale]/[category]/[calculator].astro
/uk/fizyka/pytoma-teployemnist/,uk,calculator,true,/uk/fizyka/pytoma-teployemnist/,calculator:specific-heat,src/pages/[locale]/[category]/[calculator].astro
/uk/avtomobili/shvydkist-vidstan-chas/,uk,calculator,true,/uk/avtomobili/shvydkist-vidstan-chas/,calculator:speed-distance-time,src/pages/[locale]/[category]/[calculator].astro
/uk/fizyka/shvydkist-zvuku/,uk,calculator,true,/uk/fizyka/shvydkist-zvuku/,calculator:speed-of-sound,src/pages/[locale]/[category]/[calculator].astro
/uk/remont/rozrahunok-shodiv/,uk,calculator,true,/uk/remont/rozrahunok-shodiv/,calculator:stairs,src/pages/[locale]/[category]/[calculator].astro
/uk/math/serednie-znachennia/,uk,calculator,true,/uk/math/serednie-znachennia/,calculator:stats-descriptive,src/pages/[locale]/[category]/[calculator].astro
/uk/fitness/kroky-vidstan-kalorii/,uk,calculator,true,/uk/fitness/kroky-vidstan-kalorii/,calculator:steps-distance-calories,src/pages/[locale]/[category]/[calculator].astro
/uk/pobut/zapas-produktu/,uk,calculator,true,/uk/pobut/zapas-produktu/,calculator:stock-duration,src/pages/[locale]/[category]/[calculator].astro
/uk/avtomobili/galmivnyy-shlyah/,uk,calculator,true,/uk/avtomobili/galmivnyy-shlyah/,calculator:stopping-distance,src/pages/[locale]/[category]/[calculator].astro
/uk/fizyka/napruha-i-deformaciya/,uk,calculator,true,/uk/fizyka/napruha-i-deformaciya/,calculator:stress-strain,src/pages/[locale]/[category]/[calculator].astro
/uk/remont/strichkovyi-fundament/,uk,calculator,true,/uk/remont/strichkovyi-fundament/,calculator:strip-foundation,src/pages/[locale]/[category]/[calculator].astro
/uk/pobut/vartist-pidpysok/,uk,calculator,true,/uk/pobut/vartist-pidpysok/,calculator:subscriptions-cost,src/pages/[locale]/[category]/[calculator].astro
/uk/remont/obyem-yemnosti/,uk,calculator,true,/uk/remont/obyem-yemnosti/,calculator:tank-volume,src/pages/[locale]/[category]/[calculator].astro
/uk/fizyka/granychna-shvydkist-padinnya/,uk,calculator,true,/uk/fizyka/granychna-shvydkist-padinnya/,calculator:terminal-velocity,src/pages/[locale]/[category]/[calculator].astro
/uk/navchannya/vidsotok-za-test/,uk,calculator,true,/uk/navchannya/vidsotok-za-test/,calculator:test-score-percent,src/pages/[locale]/[category]/[calculator].astro
/uk/navchannya/chas-chytannya-tekstu/,uk,calculator,true,/uk/navchannya/chas-chytannya-tekstu/,calculator:text-reading-time,src/pages/[locale]/[category]/[calculator].astro
/uk/kompyutery/lichylnyk-sliv-i-symvoliv/,uk,calculator,true,/uk/kompyutery/lichylnyk-sliv-i-symvoliv/,calculator:text-word-char-count,src/pages/[locale]/[category]/[calculator].astro
/uk/fizyka/teploperedacha-kriz-shar/,uk,calculator,true,/uk/fizyka/teploperedacha-kriz-shar/,calculator:thermal-conduction,src/pages/[locale]/[category]/[calculator].astro
/uk/fizyka/tonka-linza/,uk,calculator,true,/uk/fizyka/tonka-linza/,calculator:thin-lens,src/pages/[locale]/[category]/[calculator].astro
/uk/daty/kalkulyator-tryvalosti-chasu/,uk,calculator,true,/uk/daty/kalkulyator-tryvalosti-chasu/,calculator:time-duration,src/pages/[locale]/[category]/[calculator].astro
/uk/finansy/vartist-hroshey-u-chasi/,uk,calculator,true,/uk/finansy/vartist-hroshey-u-chasi/,calculator:time-value-money,src/pages/[locale]/[category]/[calculator].astro
/uk/business/tabel-robochogo-chasu/,uk,calculator,true,/uk/business/tabel-robochogo-chasu/,calculator:timesheet-week,src/pages/[locale]/[category]/[calculator].astro
/uk/daty/riznytsya-chasovyh-poyasiv/,uk,calculator,true,/uk/daty/riznytsya-chasovyh-poyasiv/,calculator:timezone-difference,src/pages/[locale]/[category]/[calculator].astro
/uk/pobut/chayovi/,uk,calculator,true,/uk/pobut/chayovi/,calculator:tip,src/pages/[locale]/[category]/[calculator].astro
/uk/avtomobili/rozmir-shyn/,uk,calculator,true,/uk/avtomobili/rozmir-shyn/,calculator:tire-size,src/pages/[locale]/[category]/[calculator].astro
/uk/elektronika/koeficiyent-transformaciyi/,uk,calculator,true,/uk/elektronika/koeficiyent-transformaciyi/,calculator:transformer-ratio,src/pages/[locale]/[category]/[calculator].astro
/uk/pobut/byudzhet-podorozhi/,uk,calculator,true,/uk/pobut/byudzhet-podorozhi/,calculator:trip-budget,src/pages/[locale]/[category]/[calculator].astro
/uk/avtomobili/vartist-poyizdky/,uk,calculator,true,/uk/avtomobili/vartist-poyizdky/,calculator:trip-cost,src/pages/[locale]/[category]/[calculator].astro
/uk/kompyutery/vidstan-do-televizora/,uk,calculator,true,/uk/kompyutery/vidstan-do-televizora/,calculator:tv-monitor-viewing-distance,src/pages/[locale]/[category]/[calculator].astro
/uk/remont/tepla-pidloga/,uk,calculator,true,/uk/remont/tepla-pidloga/,calculator:underfloor-heating,src/pages/[locale]/[category]/[calculator].astro
/uk/kompyutery/unix-chas/,uk,calculator,true,/uk/kompyutery/unix-chas/,calculator:unix-timestamp,src/pages/[locale]/[category]/[calculator].astro
/uk/pobut/komunalni-platezhi/,uk,calculator,true,/uk/pobut/komunalni-platezhi/,calculator:utility-total,src/pages/[locale]/[category]/[calculator].astro
/uk/finansy/nakopychennya-vidpustky/,uk,calculator,true,/uk/finansy/nakopychennya-vidpustky/,calculator:vacation-accrual,src/pages/[locale]/[category]/[calculator].astro
/uk/kompyutery/rozmir-videofaylu/,uk,calculator,true,/uk/kompyutery/rozmir-videofaylu/,calculator:video-file-size,src/pages/[locale]/[category]/[calculator].astro
/uk/fitness/vo2max/,uk,calculator,true,/uk/fitness/vo2max/,calculator:vo2max,src/pages/[locale]/[category]/[calculator].astro
/uk/elektronika/dilnyk-napruhy/,uk,calculator,true,/uk/elektronika/dilnyk-napruhy/,calculator:voltage-divider,src/pages/[locale]/[category]/[calculator].astro
/uk/elektronika/padinnya-naprugy/,uk,calculator,true,/uk/elektronika/padinnya-naprugy/,calculator:voltage-drop,src/pages/[locale]/[category]/[calculator].astro
/uk/fitness/spivvidnoshennya-talii/,uk,calculator,true,/uk/fitness/spivvidnoshennya-talii/,calculator:waist-ratio,src/pages/[locale]/[category]/[calculator].astro
/uk/pobut/chas-nagrivannya-vody/,uk,calculator,true,/uk/pobut/chas-nagrivannya-vody/,calculator:water-heating,src/pages/[locale]/[category]/[calculator].astro
/uk/fitness/norma-vody/,uk,calculator,true,/uk/fitness/norma-vody/,calculator:water-intake,src/pages/[locale]/[category]/[calculator].astro
/uk/fizyka/khvylya-chastota/,uk,calculator,true,/uk/fizyka/khvylya-chastota/,calculator:wave,src/pages/[locale]/[category]/[calculator].astro
/uk/daty/kalkulyator-nomera-tyzhnya/,uk,calculator,true,/uk/daty/kalkulyator-nomera-tyzhnya/,calculator:week-number,src/pages/[locale]/[category]/[calculator].astro
/uk/math/serednozvazhene/,uk,calculator,true,/uk/math/serednozvazhene/,calculator:weighted-mean,src/pages/[locale]/[category]/[calculator].astro
/uk/avtomobili/vylit-dyska/,uk,calculator,true,/uk/avtomobili/vylit-dyska/,calculator:wheel-offset,src/pages/[locale]/[category]/[calculator].astro
/uk/fizyka/vidchutna-temperatura/,uk,calculator,true,/uk/fizyka/vidchutna-temperatura/,calculator:wind-chill,src/pages/[locale]/[category]/[calculator].astro
/uk/fizyka/potuzhnist-vitru/,uk,calculator,true,/uk/fizyka/potuzhnist-vitru/,calculator:wind-power,src/pages/[locale]/[category]/[calculator].astro
/uk/remont/vaga-derevyny/,uk,calculator,true,/uk/remont/vaga-derevyny/,calculator:wood-weight,src/pages/[locale]/[category]/[calculator].astro
/uk/fizyka/mekhanichna-robota/,uk,calculator,true,/uk/fizyka/mekhanichna-robota/,calculator:work,src/pages/[locale]/[category]/[calculator].astro
/uk/daty/robochi-hodyny/,uk,calculator,true,/uk/daty/robochi-hodyny/,calculator:work-hours,src/pages/[locale]/[category]/[calculator].astro
/uk/finansy/vartist-robochoho-dnia/,uk,calculator,true,/uk/finansy/vartist-robochoho-dnia/,calculator:workday-cost,src/pages/[locale]/[category]/[calculator].astro
/uk/pobut/pererahunok-drizhdzhiv/,uk,calculator,true,/uk/pobut/pererahunok-drizhdzhiv/,calculator:yeast-convert,src/pages/[locale]/[category]/[calculator].astro
/uk/math/z-ocinka/,uk,calculator,true,/uk/math/z-ocinka/,calculator:z-score,src/pages/[locale]/[category]/[calculator].astro
/de/,de,home,true,/de/,home,src/pages/[locale]/index.astro
/de/calculators/,de,catalog,true,/de/calculators/,catalog,src/pages/[locale]/calculators.astro
/de/calculators/page/2/,de,catalog,true,/de/calculators/page/2/,catalog-page-2,src/pages/[locale]/calculators/page/[page].astro
/de/calculators/page/3/,de,catalog,true,/de/calculators/page/3/,catalog-page-3,src/pages/[locale]/calculators/page/[page].astro
/de/calculators/?tag=*,de,facet,false,/de/calculators/,none,functions/[locale]/calculators.js
/de/calculators/?category=*,de,facet,false,/de/calculators/,none,functions/[locale]/calculators.js
/de/calculators/?sort=*,de,facet,false,/de/calculators/,none,functions/[locale]/calculators.js
/de/calculators/?q=*,de,facet,false,/de/calculators/,none,functions/[locale]/calculators.js
/de/about/,de,service,true,/de/about/,about,src/pages/[locale]/about.astro
/de/contacts/,de,service,true,/de/contacts/,contacts,src/pages/[locale]/contacts.astro
/de/privacy/,de,service,true,/de/privacy/,privacy,src/pages/[locale]/privacy.astro
/de/finanzen/,de,category,true,/de/finanzen/,category:finance,src/pages/[locale]/[category]/index.astro
/de/waehrungen/,de,category,true,/de/waehrungen/,category:currency,src/pages/[locale]/[category]/index.astro
/de/fitness/,de,category,true,/de/fitness/,category:sport,src/pages/[locale]/[category]/index.astro
/de/heimwerken/,de,category,true,/de/heimwerken/,category:building,src/pages/[locale]/[category]/index.astro
/de/datum-zeit/,de,category,true,/de/datum-zeit/,category:date-time,src/pages/[locale]/[category]/index.astro
/de/mathematik/,de,category,true,/de/mathematik/,category:math,src/pages/[locale]/[category]/index.astro
/de/business/,de,category,true,/de/business/,category:business,src/pages/[locale]/[category]/index.astro
/de/umrechner/,de,category,true,/de/umrechner/,category:converters,src/pages/[locale]/[category]/index.astro
/de/elektronik/,de,category,true,/de/elektronik/,category:electronics,src/pages/[locale]/[category]/index.astro
/de/computer/,de,category,true,/de/computer/,category:computers,src/pages/[locale]/[category]/index.astro
/de/lernen/,de,category,true,/de/lernen/,category:education,src/pages/[locale]/[category]/index.astro
/de/auto/,de,category,true,/de/auto/,category:automotive,src/pages/[locale]/[category]/index.astro
/de/haushalt/,de,category,true,/de/haushalt/,category:household,src/pages/[locale]/[category]/index.astro
/de/geometrie/,de,category,true,/de/geometrie/,category:geometry,src/pages/[locale]/[category]/index.astro
/de/physik/,de,category,true,/de/physik/,category:physics,src/pages/[locale]/[category]/index.astro
/de/chemie/,de,category,true,/de/chemie/,category:chemistry,src/pages/[locale]/[category]/index.astro
/de/finanzen/kreditrechner/,de,calculator,true,/de/finanzen/kreditrechner/,calculator:credit-calculator,src/pages/[locale]/[category]/[calculator].astro
/de/finanzen/zinseszinsrechner/,de,calculator,true,/de/finanzen/zinseszinsrechner/,calculator:compound-interest,src/pages/[locale]/[category]/[calculator].astro
/de/finanzen/hypothekenrechner/,de,calculator,true,/de/finanzen/hypothekenrechner/,calculator:mortgage-calculator,src/pages/[locale]/[category]/[calculator].astro
/de/finanzen/prozentrechner/,de,calculator,true,/de/finanzen/prozentrechner/,calculator:percent-calculator,src/pages/[locale]/[category]/[calculator].astro
/de/finanzen/rabattrechner/,de,calculator,true,/de/finanzen/rabattrechner/,calculator:discount-calculator,src/pages/[locale]/[category]/[calculator].astro
/de/finanzen/marge-aufschlag-rechner/,de,calculator,true,/de/finanzen/marge-aufschlag-rechner/,calculator:margin-calculator,src/pages/[locale]/[category]/[calculator].astro
/de/finanzen/gewinnschwelle-rechner/,de,calculator,true,/de/finanzen/gewinnschwelle-rechner/,calculator:break-even-calculator,src/pages/[locale]/[category]/[calculator].astro
/de/waehrungen/waehrungsrechner/,de,calculator,true,/de/waehrungen/waehrungsrechner/,calculator:currency-converter,src/pages/[locale]/[category]/[calculator].astro
/de/waehrungen/usd-in-eur/,de,calculator,true,/de/waehrungen/usd-in-eur/,calculator:usd-to-eur,src/pages/[locale]/[category]/[calculator].astro
/de/waehrungen/eur-in-mdl/,de,calculator,true,/de/waehrungen/eur-in-mdl/,calculator:eur-to-mdl,src/pages/[locale]/[category]/[calculator].astro
/de/waehrungen/usd-in-mdl/,de,calculator,true,/de/waehrungen/usd-in-mdl/,calculator:usd-to-mdl,src/pages/[locale]/[category]/[calculator].astro
/de/fitness/bmi-rechner/,de,calculator,true,/de/fitness/bmi-rechner/,calculator:bmi-calculator,src/pages/[locale]/[category]/[calculator].astro
/de/fitness/kalorienrechner/,de,calculator,true,/de/fitness/kalorienrechner/,calculator:calorie-calculator,src/pages/[locale]/[category]/[calculator].astro
/de/fitness/koerperfett-rechner/,de,calculator,true,/de/fitness/koerperfett-rechner/,calculator:body-fat-calculator,src/pages/[locale]/[category]/[calculator].astro
/de/fitness/laufpace-rechner/,de,calculator,true,/de/fitness/laufpace-rechner/,calculator:running-pace-calculator,src/pages/[locale]/[category]/[calculator].astro
/de/fitness/one-rep-max-rechner/,de,calculator,true,/de/fitness/one-rep-max-rechner/,calculator:one-rep-max-calculator,src/pages/[locale]/[category]/[calculator].astro
/de/heimwerken/fliesenrechner/,de,calculator,true,/de/heimwerken/fliesenrechner/,calculator:tile-calculator,src/pages/[locale]/[category]/[calculator].astro
/de/heimwerken/tapetenrechner/,de,calculator,true,/de/heimwerken/tapetenrechner/,calculator:wallpaper-calculator,src/pages/[locale]/[category]/[calculator].astro
/de/heimwerken/farbrechner/,de,calculator,true,/de/heimwerken/farbrechner/,calculator:paint-calculator,src/pages/[locale]/[category]/[calculator].astro
/de/heimwerken/laminatrechner/,de,calculator,true,/de/heimwerken/laminatrechner/,calculator:laminate-calculator,src/pages/[locale]/[category]/[calculator].astro
/de/heimwerken/estrichrechner/,de,calculator,true,/de/heimwerken/estrichrechner/,calculator:screed-calculator,src/pages/[locale]/[category]/[calculator].astro
/de/heimwerken/ziegelrechner/,de,calculator,true,/de/heimwerken/ziegelrechner/,calculator:brick-calculator,src/pages/[locale]/[category]/[calculator].astro
/de/datum-zeit/altersrechner/,de,calculator,true,/de/datum-zeit/altersrechner/,calculator:age-calculator,src/pages/[locale]/[category]/[calculator].astro
/de/datum-zeit/arbeitstage-rechner/,de,calculator,true,/de/datum-zeit/arbeitstage-rechner/,calculator:working-days-calculator,src/pages/[locale]/[category]/[calculator].astro
/de/datum-zeit/datumsrechner/,de,calculator,true,/de/datum-zeit/datumsrechner/,calculator:date-shift-calculator,src/pages/[locale]/[category]/[calculator].astro
/de/haushalt/alkoholgehalt-aus-dichte/,de,calculator,true,/de/haushalt/alkoholgehalt-aus-dichte/,calculator:abv-alcohol,src/pages/[locale]/[category]/[calculator].astro
/de/physik/beschleunigung-rechner/,de,calculator,true,/de/physik/beschleunigung-rechner/,calculator:acceleration,src/pages/[locale]/[category]/[calculator].astro
/de/fitness/kalorienverbrauch-sport/,de,calculator,true,/de/fitness/kalorienverbrauch-sport/,calculator:activity-calories,src/pages/[locale]/[category]/[calculator].astro
/de/business/werbebudget-trichter/,de,calculator,true,/de/business/werbebudget-trichter/,calculator:ad-budget-funnel,src/pages/[locale]/[category]/[calculator].astro
/de/business/werbe-roi-rechner/,de,calculator,true,/de/business/werbe-roi-rechner/,calculator:ad-roi,src/pages/[locale]/[category]/[calculator].astro
/de/physik/luftdichte-rechner/,de,calculator,true,/de/physik/luftdichte-rechner/,calculator:air-density,src/pages/[locale]/[category]/[calculator].astro
/de/heimwerken/luftwechselrate-rechner/,de,calculator,true,/de/heimwerken/luftwechselrate-rechner/,calculator:air-exchange,src/pages/[locale]/[category]/[calculator].astro
/de/physik/luftdruck-hoehe/,de,calculator,true,/de/physik/luftdruck-hoehe/,calculator:air-pressure-at-altitude,src/pages/[locale]/[category]/[calculator].astro
/de/haushalt/alkoholeinheiten-rechner/,de,calculator,true,/de/haushalt/alkoholeinheiten-rechner/,calculator:alcohol-units,src/pages/[locale]/[category]/[calculator].astro
/de/finanzen/annuitaetenrechner/,de,calculator,true,/de/finanzen/annuitaetenrechner/,calculator:annuity,src/pages/[locale]/[category]/[calculator].astro
/de/business/durchschnittlicher-bestellwert/,de,calculator,true,/de/business/durchschnittlicher-bestellwert/,calculator:aov,src/pages/[locale]/[category]/[calculator].astro
/de/finanzen/effektiver-jahreszins/,de,calculator,true,/de/finanzen/effektiver-jahreszins/,calculator:apr-apy,src/pages/[locale]/[category]/[calculator].astro
/de/haushalt/wasserwechsel-aquarium/,de,calculator,true,/de/haushalt/wasserwechsel-aquarium/,calculator:aquarium-water-change,src/pages/[locale]/[category]/[calculator].astro
/de/mathematik/arithmetische-folge/,de,calculator,true,/de/mathematik/arithmetische-folge/,calculator:arithmetic-progression,src/pages/[locale]/[category]/[calculator].astro
/de/business/arpu-arppu-rechner/,de,calculator,true,/de/business/arpu-arppu-rechner/,calculator:arpu-arppu,src/pages/[locale]/[category]/[calculator].astro
/de/computer/seitenverhaeltnis-rechner/,de,calculator,true,/de/computer/seitenverhaeltnis-rechner/,calculator:aspect-ratio,src/pages/[locale]/[category]/[calculator].astro
/de/business/publikumswachstum-rechner/,de,calculator,true,/de/business/publikumswachstum-rechner/,calculator:audience-growth,src/pages/[locale]/[category]/[calculator].astro
/de/haushalt/baeckerprozente-rechner/,de,calculator,true,/de/haushalt/baeckerprozente-rechner/,calculator:bakers-percentage,src/pages/[locale]/[category]/[calculator].astro
/de/heimwerken/gelaenderstaebe-abstand/,de,calculator,true,/de/heimwerken/gelaenderstaebe-abstand/,calculator:baluster-spacing,src/pages/[locale]/[category]/[calculator].astro
/de/fitness/hantelscheiben-rechner/,de,calculator,true,/de/fitness/hantelscheiben-rechner/,calculator:barbell-plates,src/pages/[locale]/[category]/[calculator].astro
/de/elektronik/akku-ladezeit-rechner/,de,calculator,true,/de/elektronik/akku-ladezeit-rechner/,calculator:battery-charge-time,src/pages/[locale]/[category]/[calculator].astro
/de/elektronik/akku-laufzeit-rechner/,de,calculator,true,/de/elektronik/akku-laufzeit-rechner/,calculator:battery-runtime,src/pages/[locale]/[category]/[calculator].astro
/de/elektronik/akkupack-reihe-parallel/,de,calculator,true,/de/elektronik/akkupack-reihe-parallel/,calculator:battery-series-parallel,src/pages/[locale]/[category]/[calculator].astro
/de/heimwerken/durchbiegung-traeger/,de,calculator,true,/de/heimwerken/durchbiegung-traeger/,calculator:beam-deflection,src/pages/[locale]/[category]/[calculator].astro
/de/heimwerken/biegespannung-rechner/,de,calculator,true,/de/heimwerken/biegespannung-rechner/,calculator:beam-stress,src/pages/[locale]/[category]/[calculator].astro
/de/geometrie/riemenlaenge-rechner/,de,calculator,true,/de/geometrie/riemenlaenge-rechner/,calculator:belt-length,src/pages/[locale]/[category]/[calculator].astro
/de/physik/bernoulli-gleichung/,de,calculator,true,/de/physik/bernoulli-gleichung/,calculator:bernoulli,src/pages/[locale]/[category]/[calculator].astro
/de/fitness/fahrrad-uebersetzung/,de,calculator,true,/de/fitness/fahrrad-uebersetzung/,calculator:bike-gear-ratio,src/pages/[locale]/[category]/[calculator].astro
/de/fitness/laufradgroesse-fahrrad/,de,calculator,true,/de/fitness/laufradgroesse-fahrrad/,calculator:bike-wheel-size,src/pages/[locale]/[category]/[calculator].astro
/de/mathematik/binomialverteilung-rechner/,de,calculator,true,/de/mathematik/binomialverteilung-rechner/,calculator:binomial-probability,src/pages/[locale]/[category]/[calculator].astro
/de/heimwerken/holz-kubikmeter-rechner/,de,calculator,true,/de/heimwerken/holz-kubikmeter-rechner/,calculator:board-volume,src/pages/[locale]/[category]/[calculator].astro
/de/physik/siedepunkt-hoehe/,de,calculator,true,/de/physik/siedepunkt-hoehe/,calculator:boiling-point,src/pages/[locale]/[category]/[calculator].astro
/de/finanzen/bonus-rechner/,de,calculator,true,/de/finanzen/bonus-rechner/,calculator:bonus,src/pages/[locale]/[category]/[calculator].astro
/de/haushalt/kaffee-wasser-verhaeltnis/,de,calculator,true,/de/haushalt/kaffee-wasser-verhaeltnis/,calculator:brew-ratio,src/pages/[locale]/[category]/[calculator].astro
/de/finanzen/50-30-20-budget/,de,calculator,true,/de/finanzen/50-30-20-budget/,calculator:budget-50-30-20,src/pages/[locale]/[category]/[calculator].astro
/de/finanzen/gemeinsame-kosten-teilen/,de,calculator,true,/de/finanzen/gemeinsame-kosten-teilen/,calculator:budget-split,src/pages/[locale]/[category]/[calculator].astro
/de/heimwerken/schuettgut-rechner/,de,calculator,true,/de/heimwerken/schuettgut-rechner/,calculator:bulk-material-volume,src/pages/[locale]/[category]/[calculator].astro
/de/physik/auftriebskraft-rechner/,de,calculator,true,/de/physik/auftriebskraft-rechner/,calculator:buoyancy,src/pages/[locale]/[category]/[calculator].astro
/de/business/kundenakquisekosten/,de,calculator,true,/de/business/kundenakquisekosten/,calculator:cac,src/pages/[locale]/[category]/[calculator].astro
/de/finanzen/cagr-rechner/,de,calculator,true,/de/finanzen/cagr-rechner/,calculator:cagr,src/pages/[locale]/[category]/[calculator].astro
/de/fitness/kalorien-aus-makros/,de,calculator,true,/de/fitness/kalorien-aus-makros/,calculator:calories-from-macros,src/pages/[locale]/[category]/[calculator].astro
/de/haushalt/kalorien-je-portion/,de,calculator,true,/de/haushalt/kalorien-je-portion/,calculator:calories-per-serving,src/pages/[locale]/[category]/[calculator].astro
/de/elektronik/kondensator-ladung-energie/,de,calculator,true,/de/elektronik/kondensator-ladung-energie/,calculator:capacitor-basics,src/pages/[locale]/[category]/[calculator].astro
/de/elektronik/kondensatoren-reihe-parallel/,de,calculator,true,/de/elektronik/kondensatoren-reihe-parallel/,calculator:capacitor-network,src/pages/[locale]/[category]/[calculator].astro
/de/auto/wertverlust-auto/,de,calculator,true,/de/auto/wertverlust-auto/,calculator:car-depreciation,src/pages/[locale]/[category]/[calculator].astro
/de/physik/carnot-wirkungsgrad/,de,calculator,true,/de/physik/carnot-wirkungsgrad/,calculator:carnot,src/pages/[locale]/[category]/[calculator].astro
/de/physik/zentripetalkraft-rechner/,de,calculator,true,/de/physik/zentripetalkraft-rechner/,calculator:centripetal-force,src/pages/[locale]/[category]/[calculator].astro
/de/business/abwanderungsrate-rechner/,de,calculator,true,/de/business/abwanderungsrate-rechner/,calculator:churn-retention,src/pages/[locale]/[category]/[calculator].astro
/de/heimwerken/fassadenbretter-rechner/,de,calculator,true,/de/heimwerken/fassadenbretter-rechner/,calculator:cladding-boards,src/pages/[locale]/[category]/[calculator].astro
/de/elektronik/koaxialkabel-impedanz/,de,calculator,true,/de/elektronik/koaxialkabel-impedanz/,calculator:coaxial-cable-impedance,src/pages/[locale]/[category]/[calculator].astro
/de/business/wareneinsatz-rechner/,de,calculator,true,/de/business/wareneinsatz-rechner/,calculator:cogs,src/pages/[locale]/[category]/[calculator].astro
/de/business/stueckkosten-rechner/,de,calculator,true,/de/business/stueckkosten-rechner/,calculator:cogs-unit-cost,src/pages/[locale]/[category]/[calculator].astro
/de/computer/farbcode-umrechner/,de,calculator,true,/de/computer/farbcode-umrechner/,calculator:color-convert,src/pages/[locale]/[category]/[calculator].astro
/de/mathematik/kombinationen-variationen/,de,calculator,true,/de/mathematik/kombinationen-variationen/,calculator:combinatorics,src/pages/[locale]/[category]/[calculator].astro
/de/finanzen/provision-rechner/,de,calculator,true,/de/finanzen/provision-rechner/,calculator:commission,src/pages/[locale]/[category]/[calculator].astro
/de/auto/verdichtungsverhaeltnis/,de,calculator,true,/de/auto/verdichtungsverhaeltnis/,calculator:compression-ratio,src/pages/[locale]/[category]/[calculator].astro
/de/heimwerken/beton-rechner/,de,calculator,true,/de/heimwerken/beton-rechner/,calculator:concrete,src/pages/[locale]/[category]/[calculator].astro
/de/mathematik/konfidenzintervall-rechner/,de,calculator,true,/de/mathematik/konfidenzintervall-rechner/,calculator:confidence-interval,src/pages/[locale]/[category]/[calculator].astro
/de/business/deckungsbeitrag-rechner/,de,calculator,true,/de/business/deckungsbeitrag-rechner/,calculator:contribution-margin,src/pages/[locale]/[category]/[calculator].astro
/de/business/konversionsrate-rechner/,de,calculator,true,/de/business/konversionsrate-rechner/,calculator:conversion-rate,src/pages/[locale]/[category]/[calculator].astro
/de/umrechner/winkel-umrechner/,de,calculator,true,/de/umrechner/winkel-umrechner/,calculator:convert-angle,src/pages/[locale]/[category]/[calculator].astro
/de/umrechner/flaechen-umrechner/,de,calculator,true,/de/umrechner/flaechen-umrechner/,calculator:convert-area,src/pages/[locale]/[category]/[calculator].astro
/de/umrechner/kuechenmasse-volumen/,de,calculator,true,/de/umrechner/kuechenmasse-volumen/,calculator:convert-cooking-volume,src/pages/[locale]/[category]/[calculator].astro
/de/umrechner/kuechenmasse-gewicht/,de,calculator,true,/de/umrechner/kuechenmasse-gewicht/,calculator:convert-cooking-weight,src/pages/[locale]/[category]/[calculator].astro
/de/umrechner/datenrate-umrechner/,de,calculator,true,/de/umrechner/datenrate-umrechner/,calculator:convert-data-rate,src/pages/[locale]/[category]/[calculator].astro
/de/umrechner/dichte-umrechner/,de,calculator,true,/de/umrechner/dichte-umrechner/,calculator:convert-density,src/pages/[locale]/[category]/[calculator].astro
/de/umrechner/datenmengen-umrechner/,de,calculator,true,/de/umrechner/datenmengen-umrechner/,calculator:convert-digital,src/pages/[locale]/[category]/[calculator].astro
/de/umrechner/energie-umrechner/,de,calculator,true,/de/umrechner/energie-umrechner/,calculator:convert-energy,src/pages/[locale]/[category]/[calculator].astro
/de/umrechner/durchfluss-umrechner/,de,calculator,true,/de/umrechner/durchfluss-umrechner/,calculator:convert-flow,src/pages/[locale]/[category]/[calculator].astro
/de/umrechner/kraft-umrechner/,de,calculator,true,/de/umrechner/kraft-umrechner/,calculator:convert-force,src/pages/[locale]/[category]/[calculator].astro
/de/umrechner/frequenz-umrechner/,de,calculator,true,/de/umrechner/frequenz-umrechner/,calculator:convert-frequency,src/pages/[locale]/[category]/[calculator].astro
/de/umrechner/verbrauch-umrechner/,de,calculator,true,/de/umrechner/verbrauch-umrechner/,calculator:convert-fuel-economy,src/pages/[locale]/[category]/[calculator].astro
/de/umrechner/beleuchtungsstaerke-umrechner/,de,calculator,true,/de/umrechner/beleuchtungsstaerke-umrechner/,calculator:convert-illuminance,src/pages/[locale]/[category]/[calculator].astro
/de/umrechner/laengen-umrechner/,de,calculator,true,/de/umrechner/laengen-umrechner/,calculator:convert-length,src/pages/[locale]/[category]/[calculator].astro
/de/umrechner/masse-umrechner/,de,calculator,true,/de/umrechner/masse-umrechner/,calculator:convert-mass,src/pages/[locale]/[category]/[calculator].astro
/de/umrechner/leistung-umrechner/,de,calculator,true,/de/umrechner/leistung-umrechner/,calculator:convert-power,src/pages/[locale]/[category]/[calculator].astro
/de/umrechner/druck-umrechner/,de,calculator,true,/de/umrechner/druck-umrechner/,calculator:convert-pressure,src/pages/[locale]/[category]/[calculator].astro
/de/umrechner/strahlendosis-umrechner/,de,calculator,true,/de/umrechner/strahlendosis-umrechner/,calculator:convert-radiation,src/pages/[locale]/[category]/[calculator].astro
/de/umrechner/geschwindigkeit-umrechner/,de,calculator,true,/de/umrechner/geschwindigkeit-umrechner/,calculator:convert-speed,src/pages/[locale]/[category]/[calculator].astro
/de/umrechner/temperatur-umrechner/,de,calculator,true,/de/umrechner/temperatur-umrechner/,calculator:convert-temperature,src/pages/[locale]/[category]/[calculator].astro
/de/umrechner/zeit-umrechner/,de,calculator,true,/de/umrechner/zeit-umrechner/,calculator:convert-time,src/pages/[locale]/[category]/[calculator].astro
/de/umrechner/drehmoment-umrechner/,de,calculator,true,/de/umrechner/drehmoment-umrechner/,calculator:convert-torque,src/pages/[locale]/[category]/[calculator].astro
/de/umrechner/volumen-umrechner/,de,calculator,true,/de/umrechner/volumen-umrechner/,calculator:convert-volume,src/pages/[locale]/[category]/[calculator].astro
/de/haushalt/rohgewicht-kochgewicht/,de,calculator,true,/de/haushalt/rohgewicht-kochgewicht/,calculator:cooked-weight,src/pages/[locale]/[category]/[calculator].astro
/de/umrechner/koordinaten-umrechner/,de,calculator,true,/de/umrechner/koordinaten-umrechner/,calculator:coordinate-convert,src/pages/[locale]/[category]/[calculator].astro
/de/mathematik/korrelationskoeffizient/,de,calculator,true,/de/mathematik/korrelationskoeffizient/,calculator:correlation,src/pages/[locale]/[category]/[calculator].astro
/de/physik/coulombsches-gesetz/,de,calculator,true,/de/physik/coulombsches-gesetz/,calculator:coulomb,src/pages/[locale]/[category]/[calculator].astro
/de/business/cpa-cpl-cpi-rechner/,de,calculator,true,/de/business/cpa-cpl-cpi-rechner/,calculator:cpa-cpl-cpi,src/pages/[locale]/[category]/[calculator].astro
/de/business/klickpreis-rechner/,de,calculator,true,/de/business/klickpreis-rechner/,calculator:cpc,src/pages/[locale]/[category]/[calculator].astro
/de/business/tausendkontaktpreis/,de,calculator,true,/de/business/tausendkontaktpreis/,calculator:cpm,src/pages/[locale]/[category]/[calculator].astro
/de/finanzen/kreditkarte-tilgung/,de,calculator,true,/de/finanzen/kreditkarte-tilgung/,calculator:credit-card-payoff,src/pages/[locale]/[category]/[calculator].astro
/de/finanzen/krypto-gewinn-rechner/,de,calculator,true,/de/finanzen/krypto-gewinn-rechner/,calculator:crypto-pnl,src/pages/[locale]/[category]/[calculator].astro
/de/computer/css-einheiten-umrechner/,de,calculator,true,/de/computer/css-einheiten-umrechner/,calculator:css-units,src/pages/[locale]/[category]/[calculator].astro
/de/business/klickrate-rechner/,de,calculator,true,/de/business/klickrate-rechner/,calculator:ctr,src/pages/[locale]/[category]/[calculator].astro
/de/waehrungen/wechselkosten-rechner/,de,calculator,true,/de/waehrungen/wechselkosten-rechner/,calculator:currency-exchange-fee,src/pages/[locale]/[category]/[calculator].astro
/de/haushalt/gardinenstoff-rechner/,de,calculator,true,/de/haushalt/gardinenstoff-rechner/,calculator:curtain-size,src/pages/[locale]/[category]/[calculator].astro
/de/business/taktzeit-rechner/,de,calculator,true,/de/business/taktzeit-rechner/,calculator:cycle-time,src/pages/[locale]/[category]/[calculator].astro
/de/datum-zeit/wochentag-berechnen/,de,calculator,true,/de/datum-zeit/wochentag-berechnen/,calculator:day-of-week,src/pages/[locale]/[category]/[calculator].astro
/de/finanzen/sparplan-durchschnittskosten/,de,calculator,true,/de/finanzen/sparplan-durchschnittskosten/,calculator:dca,src/pages/[locale]/[category]/[calculator].astro
/de/physik/de-broglie-wellenlaenge/,de,calculator,true,/de/physik/de-broglie-wellenlaenge/,calculator:de-broglie,src/pages/[locale]/[category]/[calculator].astro
/de/finanzen/schulden-tilgungsstrategie/,de,calculator,true,/de/finanzen/schulden-tilgungsstrategie/,calculator:debt-snowball-avalanche,src/pages/[locale]/[category]/[calculator].astro
/de/physik/dezibel-rechner/,de,calculator,true,/de/physik/dezibel-rechner/,calculator:decibel,src/pages/[locale]/[category]/[calculator].astro
/de/physik/dichte-rechner/,de,calculator,true,/de/physik/dichte-rechner/,calculator:density,src/pages/[locale]/[category]/[calculator].astro
/de/finanzen/abschreibung-rechner/,de,calculator,true,/de/finanzen/abschreibung-rechner/,calculator:depreciation-methods,src/pages/[locale]/[category]/[calculator].astro
/de/physik/taupunkt-rechner/,de,calculator,true,/de/physik/taupunkt-rechner/,calculator:dew-point,src/pages/[locale]/[category]/[calculator].astro
/de/mathematik/wuerfel-wahrscheinlichkeit/,de,calculator,true,/de/mathematik/wuerfel-wahrscheinlichkeit/,calculator:dice-probability,src/pages/[locale]/[category]/[calculator].astro
/de/mathematik/absolute-relative-differenz/,de,calculator,true,/de/mathematik/absolute-relative-differenz/,calculator:difference-abs-rel,src/pages/[locale]/[category]/[calculator].astro
/de/chemie/verduennungsrechner/,de,calculator,true,/de/chemie/verduennungsrechner/,calculator:dilution,src/pages/[locale]/[category]/[calculator].astro
/de/finanzen/dividendenrendite-rechner/,de,calculator,true,/de/finanzen/dividendenrendite-rechner/,calculator:dividend-yield,src/pages/[locale]/[category]/[calculator].astro
/de/mathematik/teiler-rechner/,de,calculator,true,/de/mathematik/teiler-rechner/,calculator:divisors,src/pages/[locale]/[category]/[calculator].astro
/de/physik/dopplereffekt-rechner/,de,calculator,true,/de/physik/dopplereffekt-rechner/,calculator:doppler,src/pages/[locale]/[category]/[calculator].astro
/de/finanzen/eigenkapital-rechner/,de,calculator,true,/de/finanzen/eigenkapital-rechner/,calculator:down-payment,src/pages/[locale]/[category]/[calculator].astro
/de/computer/downloadzeit-rechner/,de,calculator,true,/de/computer/downloadzeit-rechner/,calculator:download-time,src/pages/[locale]/[category]/[calculator].astro
/de/haushalt/tropfender-wasserhahn/,de,calculator,true,/de/haushalt/tropfender-wasserhahn/,calculator:drip-water-leak,src/pages/[locale]/[category]/[calculator].astro
/de/heimwerken/trockenbau-rechner/,de,calculator,true,/de/heimwerken/trockenbau-rechner/,calculator:drywall,src/pages/[locale]/[category]/[calculator].astro
/de/finanzen/schuldendienstquote/,de,calculator,true,/de/finanzen/schuldendienstquote/,calculator:dti,src/pages/[locale]/[category]/[calculator].astro
/de/finanzen/sondertilgung-rechner/,de,calculator,true,/de/finanzen/sondertilgung-rechner/,calculator:early-repayment,src/pages/[locale]/[category]/[calculator].astro
/de/haushalt/stromverbrauch-rechner/,de,calculator,true,/de/haushalt/stromverbrauch-rechner/,calculator:electricity-usage,src/pages/[locale]/[category]/[calculator].astro
/de/business/email-kennzahlen-rechner/,de,calculator,true,/de/business/email-kennzahlen-rechner/,calculator:email-metrics,src/pages/[locale]/[category]/[calculator].astro
/de/finanzen/notgroschen-rechner/,de,calculator,true,/de/finanzen/notgroschen-rechner/,calculator:emergency-fund,src/pages/[locale]/[category]/[calculator].astro
/de/business/personalkosten-rechner/,de,calculator,true,/de/business/personalkosten-rechner/,calculator:employee-cost,src/pages/[locale]/[category]/[calculator].astro
/de/business/interaktionsrate-rechner/,de,calculator,true,/de/business/interaktionsrate-rechner/,calculator:engagement-rate,src/pages/[locale]/[category]/[calculator].astro
/de/auto/hubraum-berechnen/,de,calculator,true,/de/auto/hubraum-berechnen/,calculator:engine-displacement,src/pages/[locale]/[category]/[calculator].astro
/de/heimwerken/epoxidharz-rechner/,de,calculator,true,/de/heimwerken/epoxidharz-rechner/,calculator:epoxy-volume,src/pages/[locale]/[category]/[calculator].astro
/de/physik/fluchtgeschwindigkeit-rechner/,de,calculator,true,/de/physik/fluchtgeschwindigkeit-rechner/,calculator:escape-velocity,src/pages/[locale]/[category]/[calculator].astro
/de/mathematik/fakultaet-rechner/,de,calculator,true,/de/mathematik/fakultaet-rechner/,calculator:factorial,src/pages/[locale]/[category]/[calculator].astro
/de/business/marktplatz-gebuehren/,de,calculator,true,/de/business/marktplatz-gebuehren/,calculator:fee-chain,src/pages/[locale]/[category]/[calculator].astro
/de/heimwerken/zaun-rechner/,de,calculator,true,/de/heimwerken/zaun-rechner/,calculator:fence,src/pages/[locale]/[category]/[calculator].astro
/de/mathematik/fibonacci-rechner/,de,calculator,true,/de/mathematik/fibonacci-rechner/,calculator:fibonacci,src/pages/[locale]/[category]/[calculator].astro
/de/computer/dateien-auf-datentraeger/,de,calculator,true,/de/computer/dateien-auf-datentraeger/,calculator:files-on-disk,src/pages/[locale]/[category]/[calculator].astro
/de/lernen/endnote-rechner/,de,calculator,true,/de/lernen/endnote-rechner/,calculator:final-grade,src/pages/[locale]/[category]/[calculator].astro
/de/computer/fps-frametime-rechner/,de,calculator,true,/de/computer/fps-frametime-rechner/,calculator:fps-frametime,src/pages/[locale]/[category]/[calculator].astro
/de/mathematik/bruchrechner/,de,calculator,true,/de/mathematik/bruchrechner/,calculator:fraction-arith,src/pages/[locale]/[category]/[calculator].astro
/de/physik/freier-fall-rechner/,de,calculator,true,/de/physik/freier-fall-rechner/,calculator:free-fall,src/pages/[locale]/[category]/[calculator].astro
/de/finanzen/stundensatz-freelancer/,de,calculator,true,/de/finanzen/stundensatz-freelancer/,calculator:freelance-rate,src/pages/[locale]/[category]/[calculator].astro
/de/auto/kraftstoffverbrauch-rechner/,de,calculator,true,/de/auto/kraftstoffverbrauch-rechner/,calculator:fuel-consumption,src/pages/[locale]/[category]/[calculator].astro
/de/auto/zweitakt-mischungsrechner/,de,calculator,true,/de/auto/zweitakt-mischungsrechner/,calculator:fuel-oil-mix,src/pages/[locale]/[category]/[calculator].astro
/de/chemie/allgemeine-gasgleichung/,de,calculator,true,/de/chemie/allgemeine-gasgleichung/,calculator:gas-laws,src/pages/[locale]/[category]/[calculator].astro
/de/mathematik/ggt-kgv-rechner/,de,calculator,true,/de/mathematik/ggt-kgv-rechner/,calculator:gcd-lcm,src/pages/[locale]/[category]/[calculator].astro
/de/haushalt/stromerzeuger-verbrauch/,de,calculator,true,/de/haushalt/stromerzeuger-verbrauch/,calculator:generator-fuel,src/pages/[locale]/[category]/[calculator].astro
/de/geometrie/kreisring-rechner/,de,calculator,true,/de/geometrie/kreisring-rechner/,calculator:geom-annulus,src/pages/[locale]/[category]/[calculator].astro
/de/geometrie/kreis-rechner/,de,calculator,true,/de/geometrie/kreis-rechner/,calculator:geom-circle,src/pages/[locale]/[category]/[calculator].astro
/de/geometrie/kegel-rechner/,de,calculator,true,/de/geometrie/kegel-rechner/,calculator:geom-cone,src/pages/[locale]/[category]/[calculator].astro
/de/geometrie/wuerfel-rechner/,de,calculator,true,/de/geometrie/wuerfel-rechner/,calculator:geom-cube,src/pages/[locale]/[category]/[calculator].astro
/de/geometrie/quader-rechner/,de,calculator,true,/de/geometrie/quader-rechner/,calculator:geom-cuboid,src/pages/[locale]/[category]/[calculator].astro
/de/geometrie/zylinder-rechner/,de,calculator,true,/de/geometrie/zylinder-rechner/,calculator:geom-cylinder,src/pages/[locale]/[category]/[calculator].astro
/de/geometrie/ellipse-rechner/,de,calculator,true,/de/geometrie/ellipse-rechner/,calculator:geom-ellipse,src/pages/[locale]/[category]/[calculator].astro
/de/geometrie/kegelstumpf-rechner/,de,calculator,true,/de/geometrie/kegelstumpf-rechner/,calculator:geom-frustum,src/pages/[locale]/[category]/[calculator].astro
/de/geometrie/parallelogramm-rechner/,de,calculator,true,/de/geometrie/parallelogramm-rechner/,calculator:geom-parallelogram,src/pages/[locale]/[category]/[calculator].astro
/de/geometrie/vieleckflaeche-koordinaten/,de,calculator,true,/de/geometrie/vieleckflaeche-koordinaten/,calculator:geom-polygon-coords,src/pages/[locale]/[category]/[calculator].astro
/de/geometrie/prisma-rechner/,de,calculator,true,/de/geometrie/prisma-rechner/,calculator:geom-prism,src/pages/[locale]/[category]/[calculator].astro
/de/geometrie/pyramide-rechner/,de,calculator,true,/de/geometrie/pyramide-rechner/,calculator:geom-pyramid,src/pages/[locale]/[category]/[calculator].astro
/de/geometrie/rechteck-rechner/,de,calculator,true,/de/geometrie/rechteck-rechner/,calculator:geom-rectangle,src/pages/[locale]/[category]/[calculator].astro
/de/geometrie/regelmaessiges-vieleck/,de,calculator,true,/de/geometrie/regelmaessiges-vieleck/,calculator:geom-regular-polygon,src/pages/[locale]/[category]/[calculator].astro
/de/geometrie/raute-rechner/,de,calculator,true,/de/geometrie/raute-rechner/,calculator:geom-rhombus,src/pages/[locale]/[category]/[calculator].astro
/de/geometrie/rechtwinkliges-dreieck/,de,calculator,true,/de/geometrie/rechtwinkliges-dreieck/,calculator:geom-right-triangle,src/pages/[locale]/[category]/[calculator].astro
/de/geometrie/kreissektor-rechner/,de,calculator,true,/de/geometrie/kreissektor-rechner/,calculator:geom-sector,src/pages/[locale]/[category]/[calculator].astro
/de/geometrie/kugel-rechner/,de,calculator,true,/de/geometrie/kugel-rechner/,calculator:geom-sphere,src/pages/[locale]/[category]/[calculator].astro
/de/geometrie/quadrat-rechner/,de,calculator,true,/de/geometrie/quadrat-rechner/,calculator:geom-square,src/pages/[locale]/[category]/[calculator].astro
/de/geometrie/trapez-rechner/,de,calculator,true,/de/geometrie/trapez-rechner/,calculator:geom-trapezoid,src/pages/[locale]/[category]/[calculator].astro
/de/geometrie/dreieck-rechner/,de,calculator,true,/de/geometrie/dreieck-rechner/,calculator:geom-triangle,src/pages/[locale]/[category]/[calculator].astro
/de/mathematik/geometrische-folge/,de,calculator,true,/de/mathematik/geometrische-folge/,calculator:geometric-progression,src/pages/[locale]/[category]/[calculator].astro
/de/geometrie/goldener-schnitt/,de,calculator,true,/de/geometrie/goldener-schnitt/,calculator:golden-ratio,src/pages/[locale]/[category]/[calculator].astro
/de/lernen/notendurchschnitt-rechner/,de,calculator,true,/de/lernen/notendurchschnitt-rechner/,calculator:gpa,src/pages/[locale]/[category]/[calculator].astro
/de/physik/gravitationskraft-rechner/,de,calculator,true,/de/physik/gravitationskraft-rechner/,calculator:gravitational-force,src/pages/[locale]/[category]/[calculator].astro
/de/physik/halbwertszeit-rechner/,de,calculator,true,/de/physik/halbwertszeit-rechner/,calculator:half-life,src/pages/[locale]/[category]/[calculator].astro
/de/elektronik/kopfhoerer-leistung/,de,calculator,true,/de/elektronik/kopfhoerer-leistung/,calculator:headphone-power,src/pages/[locale]/[category]/[calculator].astro
/de/physik/hitzeindex-rechner/,de,calculator,true,/de/physik/hitzeindex-rechner/,calculator:heat-index,src/pages/[locale]/[category]/[calculator].astro
/de/haushalt/heizleistung-rechner/,de,calculator,true,/de/haushalt/heizleistung-rechner/,calculator:heating-power,src/pages/[locale]/[category]/[calculator].astro
/de/finanzen/darlehen-auf-wohneigentum/,de,calculator,true,/de/finanzen/darlehen-auf-wohneigentum/,calculator:home-equity,src/pages/[locale]/[category]/[calculator].astro
/de/physik/hookesches-gesetz/,de,calculator,true,/de/physik/hookesches-gesetz/,calculator:hooke-law,src/pages/[locale]/[category]/[calculator].astro
/de/physik/absolute-luftfeuchte/,de,calculator,true,/de/physik/absolute-luftfeuchte/,calculator:humidity-convert,src/pages/[locale]/[category]/[calculator].astro
/de/physik/hydrostatischer-druck/,de,calculator,true,/de/physik/hydrostatischer-druck/,calculator:hydrostatic-pressure,src/pages/[locale]/[category]/[calculator].astro
/de/chemie/ideales-gasgesetz/,de,calculator,true,/de/chemie/ideales-gasgesetz/,calculator:ideal-gas-law,src/pages/[locale]/[category]/[calculator].astro
/de/fitness/idealgewicht-rechner/,de,calculator,true,/de/fitness/idealgewicht-rechner/,calculator:ideal-weight,src/pages/[locale]/[category]/[calculator].astro
/de/physik/schiefe-ebene-rechner/,de,calculator,true,/de/physik/schiefe-ebene-rechner/,calculator:inclined-plane,src/pages/[locale]/[category]/[calculator].astro
/de/finanzen/inflation-rechner/,de,calculator,true,/de/finanzen/inflation-rechner/,calculator:inflation,src/pages/[locale]/[category]/[calculator].astro
/de/finanzen/ratenkauf-rechner/,de,calculator,true,/de/finanzen/ratenkauf-rechner/,calculator:installment,src/pages/[locale]/[category]/[calculator].astro
/de/heimwerken/daemmstoff-rechner/,de,calculator,true,/de/heimwerken/daemmstoff-rechner/,calculator:insulation,src/pages/[locale]/[category]/[calculator].astro
/de/computer/datenverbrauch-rechner/,de,calculator,true,/de/computer/datenverbrauch-rechner/,calculator:internet-traffic,src/pages/[locale]/[category]/[calculator].astro
/de/business/lagerumschlag-rechner/,de,calculator,true,/de/business/lagerumschlag-rechner/,calculator:inventory-turnover,src/pages/[locale]/[category]/[calculator].astro
/de/physik/abstandsquadratgesetz/,de,calculator,true,/de/physik/abstandsquadratgesetz/,calculator:inverse-square,src/pages/[locale]/[category]/[calculator].astro
/de/elektronik/wechselrichter-leistung/,de,calculator,true,/de/elektronik/wechselrichter-leistung/,calculator:inverter-power,src/pages/[locale]/[category]/[calculator].astro
/de/computer/subnetzrechner/,de,calculator,true,/de/computer/subnetzrechner/,calculator:ipv4-subnet,src/pages/[locale]/[category]/[calculator].astro
/de/physik/kinetische-energie-rechner/,de,calculator,true,/de/physik/kinetische-energie-rechner/,calculator:kinetic-energy,src/pages/[locale]/[category]/[calculator].astro
/de/elektronik/kva-in-kw/,de,calculator,true,/de/elektronik/kva-in-kw/,calculator:kva-kw,src/pages/[locale]/[category]/[calculator].astro
/de/elektronik/lc-resonanzfrequenz/,de,calculator,true,/de/elektronik/lc-resonanzfrequenz/,calculator:lc-resonance,src/pages/[locale]/[category]/[calculator].astro
/de/datum-zeit/schaltjahr-rechner/,de,calculator,true,/de/datum-zeit/schaltjahr-rechner/,calculator:leap-year,src/pages/[locale]/[category]/[calculator].astro
/de/finanzen/leasingrate-rechner/,de,calculator,true,/de/finanzen/leasingrate-rechner/,calculator:lease-payment,src/pages/[locale]/[category]/[calculator].astro
/de/elektronik/led-vorwiderstand/,de,calculator,true,/de/elektronik/led-vorwiderstand/,calculator:led-resistor,src/pages/[locale]/[category]/[calculator].astro
/de/physik/hebel-rechner/,de,calculator,true,/de/physik/hebel-rechner/,calculator:lever-moment,src/pages/[locale]/[category]/[calculator].astro
/de/finanzen/hebel-position-rechner/,de,calculator,true,/de/finanzen/hebel-position-rechner/,calculator:leverage,src/pages/[locale]/[category]/[calculator].astro
/de/haushalt/raumbeleuchtung-rechner/,de,calculator,true,/de/haushalt/raumbeleuchtung-rechner/,calculator:lighting,src/pages/[locale]/[category]/[calculator].astro
/de/mathematik/lineare-gleichung/,de,calculator,true,/de/mathematik/lineare-gleichung/,calculator:linear-equation,src/pages/[locale]/[category]/[calculator].astro
/de/mathematik/lineares-gleichungssystem/,de,calculator,true,/de/mathematik/lineares-gleichungssystem/,calculator:linear-system,src/pages/[locale]/[category]/[calculator].astro
/de/heimwerken/bahnenbelag-rechner/,de,calculator,true,/de/heimwerken/bahnenbelag-rechner/,calculator:linoleum,src/pages/[locale]/[category]/[calculator].astro
/de/mathematik/logarithmus-rechner/,de,calculator,true,/de/mathematik/logarithmus-rechner/,calculator:logarithm,src/pages/[locale]/[category]/[calculator].astro
/de/business/kundenwert-ltv/,de,calculator,true,/de/business/kundenwert-ltv/,calculator:ltv,src/pages/[locale]/[category]/[calculator].astro
/de/haushalt/koffermasse-rechner/,de,calculator,true,/de/haushalt/koffermasse-rechner/,calculator:luggage-linear,src/pages/[locale]/[category]/[calculator].astro
/de/physik/mach-zahl-rechner/,de,calculator,true,/de/physik/mach-zahl-rechner/,calculator:mach-number,src/pages/[locale]/[category]/[calculator].astro
/de/finanzen/marktkapitalisierung-rechner/,de,calculator,true,/de/finanzen/marktkapitalisierung-rechner/,calculator:market-cap,src/pages/[locale]/[category]/[calculator].astro
/de/physik/e-gleich-mc-quadrat/,de,calculator,true,/de/physik/e-gleich-mc-quadrat/,calculator:mass-energy,src/pages/[locale]/[category]/[calculator].astro
/de/fitness/maximalpuls-rechner/,de,calculator,true,/de/fitness/maximalpuls-rechner/,calculator:max-heart-rate,src/pages/[locale]/[category]/[calculator].astro
/de/finanzen/maximale-darlehenssumme/,de,calculator,true,/de/finanzen/maximale-darlehenssumme/,calculator:max-loan,src/pages/[locale]/[category]/[calculator].astro
/de/heimwerken/stahlgewicht-rechner/,de,calculator,true,/de/heimwerken/stahlgewicht-rechner/,calculator:metal-weight,src/pages/[locale]/[category]/[calculator].astro
/de/heimwerken/gehrungswinkel-rechner/,de,calculator,true,/de/heimwerken/gehrungswinkel-rechner/,calculator:miter-angle,src/pages/[locale]/[category]/[calculator].astro
/de/computer/modulare-skala-rechner/,de,calculator,true,/de/computer/modulare-skala-rechner/,calculator:modular-scale,src/pages/[locale]/[category]/[calculator].astro
/de/mathematik/division-mit-rest/,de,calculator,true,/de/mathematik/division-mit-rest/,calculator:modulo,src/pages/[locale]/[category]/[calculator].astro
/de/chemie/molare-masse-rechner/,de,calculator,true,/de/chemie/molare-masse-rechner/,calculator:molar-mass,src/pages/[locale]/[category]/[calculator].astro
/de/chemie/molaritaet-rechner/,de,calculator,true,/de/chemie/molaritaet-rechner/,calculator:molarity,src/pages/[locale]/[category]/[calculator].astro
/de/chemie/stoffmenge-berechnen/,de,calculator,true,/de/chemie/stoffmenge-berechnen/,calculator:moles,src/pages/[locale]/[category]/[calculator].astro
/de/physik/traegheitsmoment-rechner/,de,calculator,true,/de/physik/traegheitsmoment-rechner/,calculator:moment-of-inertia,src/pages/[locale]/[category]/[calculator].astro
/de/physik/impuls-rechner/,de,calculator,true,/de/physik/impuls-rechner/,calculator:momentum,src/pages/[locale]/[category]/[calculator].astro
/de/business/mrr-arr-rechner/,de,calculator,true,/de/business/mrr-arr-rechner/,calculator:mrr-arr,src/pages/[locale]/[category]/[calculator].astro
/de/elektronik/ne555-rechner/,de,calculator,true,/de/elektronik/ne555-rechner/,calculator:ne555-timer-astable,src/pages/[locale]/[category]/[calculator].astro
/de/computer/bandbreiten-rechner/,de,calculator,true,/de/computer/bandbreiten-rechner/,calculator:network-bandwidth,src/pages/[locale]/[category]/[calculator].astro
/de/physik/newtonsches-grundgesetz/,de,calculator,true,/de/physik/newtonsches-grundgesetz/,calculator:newton-force,src/pages/[locale]/[category]/[calculator].astro
/de/umrechner/lakh-crore-umrechner/,de,calculator,true,/de/umrechner/lakh-crore-umrechner/,calculator:number-scale-names,src/pages/[locale]/[category]/[calculator].astro
/de/elektronik/ohmsches-gesetz-rechner/,de,calculator,true,/de/elektronik/ohmsches-gesetz-rechner/,calculator:ohms-law,src/pages/[locale]/[category]/[calculator].astro
/de/physik/umlaufzeit-rechner/,de,calculator,true,/de/physik/umlaufzeit-rechner/,calculator:orbital-period,src/pages/[locale]/[category]/[calculator].astro
/de/finanzen/ueberstunden-rechner/,de,calculator,true,/de/finanzen/ueberstunden-rechner/,calculator:overtime,src/pages/[locale]/[category]/[calculator].astro
/de/umrechner/papiergewicht-rechner/,de,calculator,true,/de/umrechner/papiergewicht-rechner/,calculator:paper-quantity,src/pages/[locale]/[category]/[calculator].astro
/de/computer/passwort-entropie/,de,calculator,true,/de/computer/passwort-entropie/,calculator:password-entropy,src/pages/[locale]/[category]/[calculator].astro
/de/business/amortisationsdauer-rechner/,de,calculator,true,/de/business/amortisationsdauer-rechner/,calculator:payback-period,src/pages/[locale]/[category]/[calculator].astro
/de/physik/pendel-rechner/,de,calculator,true,/de/physik/pendel-rechner/,calculator:pendulum,src/pages/[locale]/[category]/[calculator].astro
/de/haushalt/haustier-alter-rechner/,de,calculator,true,/de/haushalt/haustier-alter-rechner/,calculator:pet-age,src/pages/[locale]/[category]/[calculator].astro
/de/haushalt/futtermenge-rechner/,de,calculator,true,/de/haushalt/futtermenge-rechner/,calculator:pet-food,src/pages/[locale]/[category]/[calculator].astro
/de/chemie/ph-wert-rechner/,de,calculator,true,/de/chemie/ph-wert-rechner/,calculator:ph-poh,src/pages/[locale]/[category]/[calculator].astro
/de/physik/photonenenergie-rechner/,de,calculator,true,/de/physik/photonenenergie-rechner/,calculator:photon-energy,src/pages/[locale]/[category]/[calculator].astro
/de/physik/mechanische-leistung/,de,calculator,true,/de/physik/mechanische-leistung/,calculator:physics-power,src/pages/[locale]/[category]/[calculator].astro
/de/physik/drehmoment-berechnen/,de,calculator,true,/de/physik/drehmoment-berechnen/,calculator:physics-torque,src/pages/[locale]/[category]/[calculator].astro
/de/haushalt/passepartout-rechner/,de,calculator,true,/de/haushalt/passepartout-rechner/,calculator:picture-frame-mat,src/pages/[locale]/[category]/[calculator].astro
/de/heimwerken/pfahlfundament-rechner/,de,calculator,true,/de/heimwerken/pfahlfundament-rechner/,calculator:pile-foundation,src/pages/[locale]/[category]/[calculator].astro
/de/physik/stroemungsgeschwindigkeit-rohr/,de,calculator,true,/de/physik/stroemungsgeschwindigkeit-rohr/,calculator:pipe-flow,src/pages/[locale]/[category]/[calculator].astro
/de/heimwerken/rohrgewicht-rechner/,de,calculator,true,/de/heimwerken/rohrgewicht-rechner/,calculator:pipe-weight,src/pages/[locale]/[category]/[calculator].astro
/de/heimwerken/putz-rechner/,de,calculator,true,/de/heimwerken/putz-rechner/,calculator:plaster,src/pages/[locale]/[category]/[calculator].astro
/de/haushalt/pool-fuellzeit-rechner/,de,calculator,true,/de/haushalt/pool-fuellzeit-rechner/,calculator:pool-fill-time,src/pages/[locale]/[category]/[calculator].astro
/de/finanzen/positionsgroesse-rechner/,de,calculator,true,/de/finanzen/positionsgroesse-rechner/,calculator:position-size,src/pages/[locale]/[category]/[calculator].astro
/de/physik/potentielle-energie-rechner/,de,calculator,true,/de/physik/potentielle-energie-rechner/,calculator:potential-energy,src/pages/[locale]/[category]/[calculator].astro
/de/mathematik/potenz-wurzel-rechner/,de,calculator,true,/de/mathematik/potenz-wurzel-rechner/,calculator:power-root,src/pages/[locale]/[category]/[calculator].astro
/de/auto/leistungsgewicht-rechner/,de,calculator,true,/de/auto/leistungsgewicht-rechner/,calculator:power-to-weight,src/pages/[locale]/[category]/[calculator].astro
/de/computer/ppi-rechner/,de,calculator,true,/de/computer/ppi-rechner/,calculator:ppi-dpi,src/pages/[locale]/[category]/[calculator].astro
/de/physik/druck-berechnen/,de,calculator,true,/de/physik/druck-berechnen/,calculator:pressure,src/pages/[locale]/[category]/[calculator].astro
/de/haushalt/grundpreis-rechner/,de,calculator,true,/de/haushalt/grundpreis-rechner/,calculator:price-per-unit,src/pages/[locale]/[category]/[calculator].astro
/de/mathematik/primfaktorzerlegung/,de,calculator,true,/de/mathematik/primfaktorzerlegung/,calculator:prime-factorization,src/pages/[locale]/[category]/[calculator].astro
/de/haushalt/3d-druck-kosten/,de,calculator,true,/de/haushalt/3d-druck-kosten/,calculator:print-3d-cost,src/pages/[locale]/[category]/[calculator].astro
/de/mathematik/wahrscheinlichkeit-rechner/,de,calculator,true,/de/mathematik/wahrscheinlichkeit-rechner/,calculator:probability-basic,src/pages/[locale]/[category]/[calculator].astro
/de/business/gewinn-marge-aufschlag/,de,calculator,true,/de/business/gewinn-marge-aufschlag/,calculator:profit,src/pages/[locale]/[category]/[calculator].astro
/de/physik/schiefer-wurf-rechner/,de,calculator,true,/de/physik/schiefer-wurf-rechner/,calculator:projectile-motion,src/pages/[locale]/[category]/[calculator].astro
/de/mathematik/verhaeltnisgleichung/,de,calculator,true,/de/mathematik/verhaeltnisgleichung/,calculator:proportion,src/pages/[locale]/[category]/[calculator].astro
/de/geometrie/pyramidenstumpf-rechner/,de,calculator,true,/de/geometrie/pyramidenstumpf-rechner/,calculator:pyramid-frustum,src/pages/[locale]/[category]/[calculator].astro
/de/mathematik/quadratische-gleichung-loesen/,de,calculator,true,/de/mathematik/quadratische-gleichung-loesen/,calculator:quadratic-equation,src/pages/[locale]/[category]/[calculator].astro
/de/auto/viertelmeile-rechner/,de,calculator,true,/de/auto/viertelmeile-rechner/,calculator:quarter-mile-elapsed-time,src/pages/[locale]/[category]/[calculator].astro
/de/mathematik/quartile-rechner/,de,calculator,true,/de/mathematik/quartile-rechner/,calculator:quartile,src/pages/[locale]/[category]/[calculator].astro
/de/heimwerken/sparrenlaenge-rechner/,de,calculator,true,/de/heimwerken/sparrenlaenge-rechner/,calculator:rafters,src/pages/[locale]/[category]/[calculator].astro
/de/computer/raid-rechner/,de,calculator,true,/de/computer/raid-rechner/,calculator:raid,src/pages/[locale]/[category]/[calculator].astro
/de/haushalt/regenwasser-rechner/,de,calculator,true,/de/haushalt/regenwasser-rechner/,calculator:rainfall-volume,src/pages/[locale]/[category]/[calculator].astro
/de/mathematik/verhaeltnis-rechner/,de,calculator,true,/de/mathematik/verhaeltnis-rechner/,calculator:ratio,src/pages/[locale]/[category]/[calculator].astro
/de/elektronik/rc-glied-rechner/,de,calculator,true,/de/elektronik/rc-glied-rechner/,calculator:rc-filter,src/pages/[locale]/[category]/[calculator].astro
/de/lernen/lesegeschwindigkeit-test/,de,calculator,true,/de/lernen/lesegeschwindigkeit-test/,calculator:reading-speed,src/pages/[locale]/[category]/[calculator].astro
/de/finanzen/reale-rendite-rechner/,de,calculator,true,/de/finanzen/reale-rendite-rechner/,calculator:real-return,src/pages/[locale]/[category]/[calculator].astro
/de/haushalt/rezeptkosten-rechner/,de,calculator,true,/de/haushalt/rezeptkosten-rechner/,calculator:recipe-cost,src/pages/[locale]/[category]/[calculator].astro
/de/haushalt/rezept-umrechnen/,de,calculator,true,/de/haushalt/rezept-umrechnen/,calculator:recipe-scale,src/pages/[locale]/[category]/[calculator].astro
/de/finanzen/umschuldung-rechner/,de,calculator,true,/de/finanzen/umschuldung-rechner/,calculator:refinancing,src/pages/[locale]/[category]/[calculator].astro
/de/physik/zeitdilatation-rechner/,de,calculator,true,/de/physik/zeitdilatation-rechner/,calculator:relativity-dilation,src/pages/[locale]/[category]/[calculator].astro
/de/finanzen/mietrendite-rechner/,de,calculator,true,/de/finanzen/mietrendite-rechner/,calculator:rental-yield,src/pages/[locale]/[category]/[calculator].astro
/de/elektronik/widerstand-farbcode/,de,calculator,true,/de/elektronik/widerstand-farbcode/,calculator:resistor-color,src/pages/[locale]/[category]/[calculator].astro
/de/elektronik/widerstaende-reihe-parallel/,de,calculator,true,/de/elektronik/widerstaende-reihe-parallel/,calculator:resistor-network,src/pages/[locale]/[category]/[calculator].astro
/de/business/ruecksendequote-rechner/,de,calculator,true,/de/business/ruecksendequote-rechner/,calculator:return-rate,src/pages/[locale]/[category]/[calculator].astro
/de/business/umsatz-je-mitarbeiter/,de,calculator,true,/de/business/umsatz-je-mitarbeiter/,calculator:revenue-per-employee,src/pages/[locale]/[category]/[calculator].astro
/de/finanzen/chance-risiko-verhaeltnis/,de,calculator,true,/de/finanzen/chance-risiko-verhaeltnis/,calculator:risk-reward,src/pages/[locale]/[category]/[calculator].astro
/de/elektronik/effektivwert-spannung/,de,calculator,true,/de/elektronik/effektivwert-spannung/,calculator:rms-voltage,src/pages/[locale]/[category]/[calculator].astro
/de/business/roas-rechner/,de,calculator,true,/de/business/roas-rechner/,calculator:roas,src/pages/[locale]/[category]/[calculator].astro
/de/haushalt/bratzeit-rechner/,de,calculator,true,/de/haushalt/bratzeit-rechner/,calculator:roast-time,src/pages/[locale]/[category]/[calculator].astro
/de/finanzen/roi-rechner/,de,calculator,true,/de/finanzen/roi-rechner/,calculator:roi,src/pages/[locale]/[category]/[calculator].astro
/de/mathematik/roemische-zahlen-umrechner/,de,calculator,true,/de/mathematik/roemische-zahlen-umrechner/,calculator:roman-numerals,src/pages/[locale]/[category]/[calculator].astro
/de/heimwerken/dachflaeche-rechner/,de,calculator,true,/de/heimwerken/dachflaeche-rechner/,calculator:roof-area,src/pages/[locale]/[category]/[calculator].astro
/de/heimwerken/dachlattung-rechner/,de,calculator,true,/de/heimwerken/dachlattung-rechner/,calculator:roof-battens,src/pages/[locale]/[category]/[calculator].astro
/de/heimwerken/raumvolumen-rechner/,de,calculator,true,/de/heimwerken/raumvolumen-rechner/,calculator:room-volume,src/pages/[locale]/[category]/[calculator].astro
/de/mathematik/runden-rechner/,de,calculator,true,/de/mathematik/runden-rechner/,calculator:rounding,src/pages/[locale]/[category]/[calculator].astro
/de/finanzen/regel-von-72-rechner/,de,calculator,true,/de/finanzen/regel-von-72-rechner/,calculator:rule-of-72,src/pages/[locale]/[category]/[calculator].astro
/de/finanzen/gehalt-umrechnen/,de,calculator,true,/de/finanzen/gehalt-umrechnen/,calculator:salary-convert,src/pages/[locale]/[category]/[calculator].astro
/de/finanzen/gehaltserhoehung-rechner/,de,calculator,true,/de/finanzen/gehaltserhoehung-rechner/,calculator:salary-raise,src/pages/[locale]/[category]/[calculator].astro
/de/mathematik/stichprobenumfang-rechner/,de,calculator,true,/de/mathematik/stichprobenumfang-rechner/,calculator:sample-size,src/pages/[locale]/[category]/[calculator].astro
/de/finanzen/sparziel-rechner/,de,calculator,true,/de/finanzen/sparziel-rechner/,calculator:savings-goal,src/pages/[locale]/[category]/[calculator].astro
/de/finanzen/sparquote-rechner/,de,calculator,true,/de/finanzen/sparquote-rechner/,calculator:savings-rate,src/pages/[locale]/[category]/[calculator].astro
/de/umrechner/modellmassstab-rechner/,de,calculator,true,/de/umrechner/modellmassstab-rechner/,calculator:scale-model,src/pages/[locale]/[category]/[calculator].astro
/de/heimwerken/dichtstoff-rechner/,de,calculator,true,/de/heimwerken/dichtstoff-rechner/,calculator:sealant-volume,src/pages/[locale]/[category]/[calculator].astro
/de/business/versandkosten-je-stueck/,de,calculator,true,/de/business/versandkosten-je-stueck/,calculator:shipping-per-unit,src/pages/[locale]/[category]/[calculator].astro
/de/finanzen/einfache-zinsen-rechner/,de,calculator,true,/de/finanzen/einfache-zinsen-rechner/,calculator:simple-interest,src/pages/[locale]/[category]/[calculator].astro
/de/elektronik/einphasige-leistung/,de,calculator,true,/de/elektronik/einphasige-leistung/,calculator:single-phase,src/pages/[locale]/[category]/[calculator].astro
/de/heimwerken/sockelleisten-rechner/,de,calculator,true,/de/heimwerken/sockelleisten-rechner/,calculator:skirting,src/pages/[locale]/[category]/[calculator].astro
/de/heimwerken/bodenplatte-rechner/,de,calculator,true,/de/heimwerken/bodenplatte-rechner/,calculator:slab-foundation,src/pages/[locale]/[category]/[calculator].astro
/de/datum-zeit/schlafrechner/,de,calculator,true,/de/datum-zeit/schlafrechner/,calculator:sleep-time,src/pages/[locale]/[category]/[calculator].astro
/de/geometrie/steigung-rechner/,de,calculator,true,/de/geometrie/steigung-rechner/,calculator:slope,src/pages/[locale]/[category]/[calculator].astro
/de/chemie/konzentration-loesung/,de,calculator,true,/de/chemie/konzentration-loesung/,calculator:solution-concentration,src/pages/[locale]/[category]/[calculator].astro
/de/physik/waermemenge-rechner/,de,calculator,true,/de/physik/waermemenge-rechner/,calculator:specific-heat,src/pages/[locale]/[category]/[calculator].astro
/de/auto/geschwindigkeit-weg-zeit/,de,calculator,true,/de/auto/geschwindigkeit-weg-zeit/,calculator:speed-distance-time,src/pages/[locale]/[category]/[calculator].astro
/de/physik/schallgeschwindigkeit-rechner/,de,calculator,true,/de/physik/schallgeschwindigkeit-rechner/,calculator:speed-of-sound,src/pages/[locale]/[category]/[calculator].astro
/de/heimwerken/treppe-steigung-auftritt/,de,calculator,true,/de/heimwerken/treppe-steigung-auftritt/,calculator:stairs,src/pages/[locale]/[category]/[calculator].astro
/de/mathematik/mittelwert-standardabweichung/,de,calculator,true,/de/mathematik/mittelwert-standardabweichung/,calculator:stats-descriptive,src/pages/[locale]/[category]/[calculator].astro
/de/fitness/schritte-in-kilometer/,de,calculator,true,/de/fitness/schritte-in-kilometer/,calculator:steps-distance-calories,src/pages/[locale]/[category]/[calculator].astro
/de/haushalt/vorratsreichweite-rechner/,de,calculator,true,/de/haushalt/vorratsreichweite-rechner/,calculator:stock-duration,src/pages/[locale]/[category]/[calculator].astro
/de/auto/anhalteweg-rechner/,de,calculator,true,/de/auto/anhalteweg-rechner/,calculator:stopping-distance,src/pages/[locale]/[category]/[calculator].astro
/de/physik/spannung-dehnung-rechner/,de,calculator,true,/de/physik/spannung-dehnung-rechner/,calculator:stress-strain,src/pages/[locale]/[category]/[calculator].astro
/de/heimwerken/streifenfundament-rechner/,de,calculator,true,/de/heimwerken/streifenfundament-rechner/,calculator:strip-foundation,src/pages/[locale]/[category]/[calculator].astro
/de/haushalt/abokosten-rechner/,de,calculator,true,/de/haushalt/abokosten-rechner/,calculator:subscriptions-cost,src/pages/[locale]/[category]/[calculator].astro
/de/heimwerken/behaeltervolumen-rechner/,de,calculator,true,/de/heimwerken/behaeltervolumen-rechner/,calculator:tank-volume,src/pages/[locale]/[category]/[calculator].astro
/de/physik/endgeschwindigkeit-fall/,de,calculator,true,/de/physik/endgeschwindigkeit-fall/,calculator:terminal-velocity,src/pages/[locale]/[category]/[calculator].astro
/de/lernen/testergebnis-prozent/,de,calculator,true,/de/lernen/testergebnis-prozent/,calculator:test-score-percent,src/pages/[locale]/[category]/[calculator].astro
/de/lernen/lesedauer-rechner/,de,calculator,true,/de/lernen/lesedauer-rechner/,calculator:text-reading-time,src/pages/[locale]/[category]/[calculator].astro
/de/computer/zeichenzaehler/,de,calculator,true,/de/computer/zeichenzaehler/,calculator:text-word-char-count,src/pages/[locale]/[category]/[calculator].astro
/de/physik/waermeleitung-rechner/,de,calculator,true,/de/physik/waermeleitung-rechner/,calculator:thermal-conduction,src/pages/[locale]/[category]/[calculator].astro
/de/physik/linsengleichung-rechner/,de,calculator,true,/de/physik/linsengleichung-rechner/,calculator:thin-lens,src/pages/[locale]/[category]/[calculator].astro
/de/datum-zeit/zeitdauer-rechner/,de,calculator,true,/de/datum-zeit/zeitdauer-rechner/,calculator:time-duration,src/pages/[locale]/[category]/[calculator].astro
/de/finanzen/zeitwert-des-geldes/,de,calculator,true,/de/finanzen/zeitwert-des-geldes/,calculator:time-value-money,src/pages/[locale]/[category]/[calculator].astro
/de/business/wochenstundenzettel/,de,calculator,true,/de/business/wochenstundenzettel/,calculator:timesheet-week,src/pages/[locale]/[category]/[calculator].astro
/de/datum-zeit/zeitverschiebung-rechner/,de,calculator,true,/de/datum-zeit/zeitverschiebung-rechner/,calculator:timezone-difference,src/pages/[locale]/[category]/[calculator].astro
/de/haushalt/trinkgeld-rechner/,de,calculator,true,/de/haushalt/trinkgeld-rechner/,calculator:tip,src/pages/[locale]/[category]/[calculator].astro
/de/auto/reifenrechner/,de,calculator,true,/de/auto/reifenrechner/,calculator:tire-size,src/pages/[locale]/[category]/[calculator].astro
/de/elektronik/transformator-uebersetzung/,de,calculator,true,/de/elektronik/transformator-uebersetzung/,calculator:transformer-ratio,src/pages/[locale]/[category]/[calculator].astro
/de/haushalt/reisebudget-rechner/,de,calculator,true,/de/haushalt/reisebudget-rechner/,calculator:trip-budget,src/pages/[locale]/[category]/[calculator].astro
/de/auto/fahrtkosten-rechner/,de,calculator,true,/de/auto/fahrtkosten-rechner/,calculator:trip-cost,src/pages/[locale]/[category]/[calculator].astro
/de/computer/sitzabstand-fernseher/,de,calculator,true,/de/computer/sitzabstand-fernseher/,calculator:tv-monitor-viewing-distance,src/pages/[locale]/[category]/[calculator].astro
/de/heimwerken/fussbodenheizung-rohr/,de,calculator,true,/de/heimwerken/fussbodenheizung-rohr/,calculator:underfloor-heating,src/pages/[locale]/[category]/[calculator].astro
/de/computer/unix-zeitstempel-umrechner/,de,calculator,true,/de/computer/unix-zeitstempel-umrechner/,calculator:unix-timestamp,src/pages/[locale]/[category]/[calculator].astro
/de/haushalt/nebenkosten-rechner/,de,calculator,true,/de/haushalt/nebenkosten-rechner/,calculator:utility-total,src/pages/[locale]/[category]/[calculator].astro
/de/finanzen/urlaubsanspruch-rechner/,de,calculator,true,/de/finanzen/urlaubsanspruch-rechner/,calculator:vacation-accrual,src/pages/[locale]/[category]/[calculator].astro
/de/computer/videodateigroesse-rechner/,de,calculator,true,/de/computer/videodateigroesse-rechner/,calculator:video-file-size,src/pages/[locale]/[category]/[calculator].astro
/de/fitness/vo2max-rechner/,de,calculator,true,/de/fitness/vo2max-rechner/,calculator:vo2max,src/pages/[locale]/[category]/[calculator].astro
/de/elektronik/spannungsteiler-rechner/,de,calculator,true,/de/elektronik/spannungsteiler-rechner/,calculator:voltage-divider,src/pages/[locale]/[category]/[calculator].astro
/de/elektronik/spannungsfall-leitung/,de,calculator,true,/de/elektronik/spannungsfall-leitung/,calculator:voltage-drop,src/pages/[locale]/[category]/[calculator].astro
/de/fitness/taille-groesse-verhaeltnis/,de,calculator,true,/de/fitness/taille-groesse-verhaeltnis/,calculator:waist-ratio,src/pages/[locale]/[category]/[calculator].astro
/de/haushalt/wasser-aufheizzeit/,de,calculator,true,/de/haushalt/wasser-aufheizzeit/,calculator:water-heating,src/pages/[locale]/[category]/[calculator].astro
/de/fitness/wasserbedarf-rechner/,de,calculator,true,/de/fitness/wasserbedarf-rechner/,calculator:water-intake,src/pages/[locale]/[category]/[calculator].astro
/de/physik/wellenlaenge-frequenz/,de,calculator,true,/de/physik/wellenlaenge-frequenz/,calculator:wave,src/pages/[locale]/[category]/[calculator].astro
/de/datum-zeit/kalenderwoche-berechnen/,de,calculator,true,/de/datum-zeit/kalenderwoche-berechnen/,calculator:week-number,src/pages/[locale]/[category]/[calculator].astro
/de/mathematik/gewichteter-durchschnitt/,de,calculator,true,/de/mathematik/gewichteter-durchschnitt/,calculator:weighted-mean,src/pages/[locale]/[category]/[calculator].astro
/de/auto/einpresstiefe-rechner/,de,calculator,true,/de/auto/einpresstiefe-rechner/,calculator:wheel-offset,src/pages/[locale]/[category]/[calculator].astro
/de/physik/windchill-rechner/,de,calculator,true,/de/physik/windchill-rechner/,calculator:wind-chill,src/pages/[locale]/[category]/[calculator].astro
/de/physik/windleistung-rechner/,de,calculator,true,/de/physik/windleistung-rechner/,calculator:wind-power,src/pages/[locale]/[category]/[calculator].astro
/de/heimwerken/holzgewicht-rechner/,de,calculator,true,/de/heimwerken/holzgewicht-rechner/,calculator:wood-weight,src/pages/[locale]/[category]/[calculator].astro
/de/physik/arbeit-berechnen/,de,calculator,true,/de/physik/arbeit-berechnen/,calculator:work,src/pages/[locale]/[category]/[calculator].astro
/de/datum-zeit/arbeitszeitrechner/,de,calculator,true,/de/datum-zeit/arbeitszeitrechner/,calculator:work-hours,src/pages/[locale]/[category]/[calculator].astro
/de/finanzen/arbeitstag-wert-rechner/,de,calculator,true,/de/finanzen/arbeitstag-wert-rechner/,calculator:workday-cost,src/pages/[locale]/[category]/[calculator].astro
/de/haushalt/hefe-umrechner/,de,calculator,true,/de/haushalt/hefe-umrechner/,calculator:yeast-convert,src/pages/[locale]/[category]/[calculator].astro
/de/mathematik/z-wert-rechner/,de,calculator,true,/de/mathematik/z-wert-rechner/,calculator:z-score,src/pages/[locale]/[category]/[calculator].astro
/calculators/,ru,redirect,false,/ru/calculators/,none,functions/_middleware.js
/about/,ru,redirect,false,/ru/about/,none,functions/_middleware.js
/contacts/,ru,redirect,false,/ru/contacts/,none,functions/_middleware.js
/privacy/,ru,redirect,false,/ru/privacy/,none,functions/_middleware.js
/finance/*,ru,redirect,false,/ru/finance/*,none,functions/_middleware.js
/currency/*,ru,redirect,false,/ru/currency/*,none,functions/_middleware.js
/sport/*,ru,redirect,false,/ru/sport/*,none,functions/_middleware.js
/building/*,ru,redirect,false,/ru/building/*,none,functions/_middleware.js
/date-time/*,ru,redirect,false,/ru/date-time/*,none,functions/_middleware.js
/robots.txt,x-default,technical,false,,none,src/pages/robots.txt.ts
/sitemap.xml,x-default,technical,false,,none,src/pages/sitemap.xml.ts
/opensearch.xml,x-default,technical,false,,none,src/pages/opensearch.xml.ts
/site.webmanifest,x-default,technical,false,,none,public/site.webmanifest
